matchup,away_team,home_team,margin,away_prob,home_prob,tie_prob
ARI @ NYG,Cardinals,Giants,-53,0.0049999999,,
ARI @ NYG,Cardinals,Giants,-52,0.0049999999,,
ARI @ NYG,Cardinals,Giants,-51,0.0099999998,,
ARI @ NYG,Cardinals,Giants,-46,0.0049999999,,
ARI @ NYG,Cardinals,Giants,-45,0.0049999999,,
ARI @ NYG,Cardinals,Giants,-44,0.0099999998,,
ARI @ NYG,Cardinals,Giants,-42,0.0099999998,,
ARI @ NYG,Cardinals,Giants,-41,0.029999999,,
ARI @ NYG,Cardinals,Giants,-40,0.0099999998,,
ARI @ NYG,Cardinals,Giants,-39,0.02,,
ARI @ NYG,Cardinals,Giants,-38,0.045000002,,
ARI @ NYG,Cardinals,Giants,-37,0.035,,
ARI @ NYG,Cardinals,Giants,-36,0.045000002,,
ARI @ NYG,Cardinals,Giants,-35,0.075000003,,
ARI @ NYG,Cardinals,Giants,-34,0.105,,
ARI @ NYG,Cardinals,Giants,-33,0.059999999,,
ARI @ NYG,Cardinals,Giants,-32,0.12,,
ARI @ NYG,Cardinals,Giants,-31,0.2,,
ARI @ NYG,Cardinals,Giants,-30,0.14,,
ARI @ NYG,Cardinals,Giants,-29,0.13500001,,
ARI @ NYG,Cardinals,Giants,-28,0.36500001,,
ARI @ NYG,Cardinals,Giants,-27,0.28999999,,
ARI @ NYG,Cardinals,Giants,-26,0.245,,
ARI @ NYG,Cardinals,Giants,-25,0.35499999,,
ARI @ NYG,Cardinals,Giants,-24,0.69499999,,
ARI @ NYG,Cardinals,Giants,-23,0.41499999,,
ARI @ NYG,Cardinals,Giants,-22,0.40000001,,
ARI @ NYG,Cardinals,Giants,-21,1.025,,
ARI @ NYG,Cardinals,Giants,-20,0.71499997,,
ARI @ NYG,Cardinals,Giants,-19,0.625,,
ARI @ NYG,Cardinals,Giants,-18,1.01,,
ARI @ NYG,Cardinals,Giants,-17,1.4299999,,
ARI @ NYG,Cardinals,Giants,-16,0.86000001,,
ARI @ NYG,Cardinals,Giants,-15,0.75999999,,
ARI @ NYG,Cardinals,Giants,-14,2.0450001,,
ARI @ NYG,Cardinals,Giants,-13,1.36,,
ARI @ NYG,Cardinals,Giants,-12,0.83999997,,
ARI @ NYG,Cardinals,Giants,-11,1.235,,
ARI @ NYG,Cardinals,Giants,-10,2.405,,
ARI @ NYG,Cardinals,Giants,-9,0.85500002,,
ARI @ NYG,Cardinals,Giants,-8,1.975,,
ARI @ NYG,Cardinals,Giants,-7,4.6100001,,
ARI @ NYG,Cardinals,Giants,-6,3.47,,
ARI @ NYG,Cardinals,Giants,-5,1.745,,
ARI @ NYG,Cardinals,Giants,-4,2.77,,
ARI @ NYG,Cardinals,Giants,-3,7.0949998,,
ARI @ NYG,Cardinals,Giants,-2,2.3150001,,
ARI @ NYG,Cardinals,Giants,-1,3.02,,
ARI @ NYG,Cardinals,Giants,0,,,0.51999998
ARI @ NYG,Cardinals,Giants,1,,3.0450001,
ARI @ NYG,Cardinals,Giants,2,,2.3,
ARI @ NYG,Cardinals,Giants,3,,7.2249999,
ARI @ NYG,Cardinals,Giants,4,,3.0699999,
ARI @ NYG,Cardinals,Giants,5,,1.915,
ARI @ NYG,Cardinals,Giants,6,,3.6949999,
ARI @ NYG,Cardinals,Giants,7,,5.2950001,
ARI @ NYG,Cardinals,Giants,8,,2.3499999,
ARI @ NYG,Cardinals,Giants,9,,0.94499999,
ARI @ NYG,Cardinals,Giants,10,,2.7950001,
ARI @ NYG,Cardinals,Giants,11,,1.405,
ARI @ NYG,Cardinals,Giants,12,,1.0599999,
ARI @ NYG,Cardinals,Giants,13,,1.63,
ARI @ NYG,Cardinals,Giants,14,,2.5899999,
ARI @ NYG,Cardinals,Giants,15,,0.97000003,
ARI @ NYG,Cardinals,Giants,16,,1.12,
ARI @ NYG,Cardinals,Giants,17,,1.74,
ARI @ NYG,Cardinals,Giants,18,,1.405,
ARI @ NYG,Cardinals,Giants,19,,0.78500003,
ARI @ NYG,Cardinals,Giants,20,,0.96499997,
ARI @ NYG,Cardinals,Giants,21,,1.4400001,
ARI @ NYG,Cardinals,Giants,22,,0.55000001,
ARI @ NYG,Cardinals,Giants,23,,0.58999997,
ARI @ NYG,Cardinals,Giants,24,,0.935,
ARI @ NYG,Cardinals,Giants,25,,0.57499999,
ARI @ NYG,Cardinals,Giants,26,,0.34999999,
ARI @ NYG,Cardinals,Giants,27,,0.42500001,
ARI @ NYG,Cardinals,Giants,28,,0.54500002,
ARI @ NYG,Cardinals,Giants,29,,0.20999999,
ARI @ NYG,Cardinals,Giants,30,,0.2,
ARI @ NYG,Cardinals,Giants,31,,0.37,
ARI @ NYG,Cardinals,Giants,32,,0.16500001,
ARI @ NYG,Cardinals,Giants,33,,0.090000004,
ARI @ NYG,Cardinals,Giants,34,,0.16,
ARI @ NYG,Cardinals,Giants,35,,0.14,
ARI @ NYG,Cardinals,Giants,36,,0.075000003,
ARI @ NYG,Cardinals,Giants,37,,0.059999999,
ARI @ NYG,Cardinals,Giants,38,,0.064999998,
ARI @ NYG,Cardinals,Giants,39,,0.050000001,
ARI @ NYG,Cardinals,Giants,40,,0.029999999,
ARI @ NYG,Cardinals,Giants,41,,0.045000002,
ARI @ NYG,Cardinals,Giants,42,,0.029999999,
ARI @ NYG,Cardinals,Giants,43,,0.02,
ARI @ NYG,Cardinals,Giants,44,,0.0049999999,
ARI @ NYG,Cardinals,Giants,45,,0.0099999998,
ARI @ NYG,Cardinals,Giants,46,,0.0099999998,
ARI @ NYG,Cardinals,Giants,48,,0.0049999999,
ARI @ NYG,Cardinals,Giants,49,,0.0049999999,
ARI @ NYG,Cardinals,Giants,53,,0.0099999998,
ARI @ NYG,Cardinals,Giants,55,,0.0049999999,
ARI @ NYG,Cardinals,Giants,56,,0.0049999999,
ATL @ NO,Falcons,Saints,-51,0.0049999999,,
ATL @ NO,Falcons,Saints,-49,0.0049999999,,
ATL @ NO,Falcons,Saints,-45,0.0099999998,,
ATL @ NO,Falcons,Saints,-44,0.0049999999,,
ATL @ NO,Falcons,Saints,-43,0.0049999999,,
ATL @ NO,Falcons,Saints,-42,0.0099999998,,
ATL @ NO,Falcons,Saints,-41,0.0099999998,,
ATL @ NO,Falcons,Saints,-39,0.035,,
ATL @ NO,Falcons,Saints,-38,0.035,,
ATL @ NO,Falcons,Saints,-37,0.035,,
ATL @ NO,Falcons,Saints,-36,0.02,,
ATL @ NO,Falcons,Saints,-35,0.075000003,,
ATL @ NO,Falcons,Saints,-34,0.07,,
ATL @ NO,Falcons,Saints,-33,0.064999998,,
ATL @ NO,Falcons,Saints,-32,0.075000003,,
ATL @ NO,Falcons,Saints,-31,0.16500001,,
ATL @ NO,Falcons,Saints,-30,0.13,,
ATL @ NO,Falcons,Saints,-29,0.115,,
ATL @ NO,Falcons,Saints,-28,0.26499999,,
ATL @ NO,Falcons,Saints,-27,0.26499999,,
ATL @ NO,Falcons,Saints,-26,0.20999999,,
ATL @ NO,Falcons,Saints,-25,0.30000001,,
ATL @ NO,Falcons,Saints,-24,0.60500002,,
ATL @ NO,Falcons,Saints,-23,0.35499999,,
ATL @ NO,Falcons,Saints,-22,0.34999999,,
ATL @ NO,Falcons,Saints,-21,0.875,,
ATL @ NO,Falcons,Saints,-20,0.66000003,,
ATL @ NO,Falcons,Saints,-19,0.55000001,,
ATL @ NO,Falcons,Saints,-18,0.91500002,,
ATL @ NO,Falcons,Saints,-17,1.24,,
ATL @ NO,Falcons,Saints,-16,0.80500001,,
ATL @ NO,Falcons,Saints,-15,0.69999999,,
ATL @ NO,Falcons,Saints,-14,1.835,,
ATL @ NO,Falcons,Saints,-13,1.28,,
ATL @ NO,Falcons,Saints,-12,0.755,,
ATL @ NO,Falcons,Saints,-11,1.095,,
ATL @ NO,Falcons,Saints,-10,2.1400001,,
ATL @ NO,Falcons,Saints,-9,0.81,,
ATL @ NO,Falcons,Saints,-8,1.905,,
ATL @ NO,Falcons,Saints,-7,4.3249998,,
ATL @ NO,Falcons,Saints,-6,3.3050001,,
ATL @ NO,Falcons,Saints,-5,1.7,,
ATL @ NO,Falcons,Saints,-4,2.635,,
ATL @ NO,Falcons,Saints,-3,6.6999998,,
ATL @ NO,Falcons,Saints,-2,2.325,,
ATL @ NO,Falcons,Saints,-1,2.9200001,,
ATL @ NO,Falcons,Saints,0,,,0.43000001
ATL @ NO,Falcons,Saints,1,,2.97,
ATL @ NO,Falcons,Saints,2,,2.385,
ATL @ NO,Falcons,Saints,3,,7.1750002,
ATL @ NO,Falcons,Saints,4,,3.05,
ATL @ NO,Falcons,Saints,5,,1.98,
ATL @ NO,Falcons,Saints,6,,3.905,
ATL @ NO,Falcons,Saints,7,,5.4749999,
ATL @ NO,Falcons,Saints,8,,2.5050001,
ATL @ NO,Falcons,Saints,9,,1.0599999,
ATL @ NO,Falcons,Saints,10,,2.855,
ATL @ NO,Falcons,Saints,11,,1.5549999,
ATL @ NO,Falcons,Saints,12,,1.08,
ATL @ NO,Falcons,Saints,13,,1.8200001,
ATL @ NO,Falcons,Saints,14,,2.75,
ATL @ NO,Falcons,Saints,15,,1.085,
ATL @ NO,Falcons,Saints,16,,1.265,
ATL @ NO,Falcons,Saints,17,,1.99,
ATL @ NO,Falcons,Saints,18,,1.49,
ATL @ NO,Falcons,Saints,19,,0.95999998,
ATL @ NO,Falcons,Saints,20,,1.085,
ATL @ NO,Falcons,Saints,21,,1.6,
ATL @ NO,Falcons,Saints,22,,0.63499999,
ATL @ NO,Falcons,Saints,23,,0.68000001,
ATL @ NO,Falcons,Saints,24,,1.17,
ATL @ NO,Falcons,Saints,25,,0.61000001,
ATL @ NO,Falcons,Saints,26,,0.41999999,
ATL @ NO,Falcons,Saints,27,,0.52499998,
ATL @ NO,Falcons,Saints,28,,0.63999999,
ATL @ NO,Falcons,Saints,29,,0.245,
ATL @ NO,Falcons,Saints,30,,0.26499999,
ATL @ NO,Falcons,Saints,31,,0.405,
ATL @ NO,Falcons,Saints,32,,0.2,
ATL @ NO,Falcons,Saints,33,,0.13500001,
ATL @ NO,Falcons,Saints,34,,0.185,
ATL @ NO,Falcons,Saints,35,,0.19,
ATL @ NO,Falcons,Saints,36,,0.064999998,
ATL @ NO,Falcons,Saints,37,,0.075000003,
ATL @ NO,Falcons,Saints,38,,0.11,
ATL @ NO,Falcons,Saints,39,,0.059999999,
ATL @ NO,Falcons,Saints,40,,0.02,
ATL @ NO,Falcons,Saints,41,,0.059999999,
ATL @ NO,Falcons,Saints,42,,0.045000002,
ATL @ NO,Falcons,Saints,43,,0.0099999998,
ATL @ NO,Falcons,Saints,44,,0.035,
ATL @ NO,Falcons,Saints,46,,0.0099999998,
ATL @ NO,Falcons,Saints,47,,0.0099999998,
ATL @ NO,Falcons,Saints,48,,0.0049999999,
ATL @ NO,Falcons,Saints,49,,0.0049999999,
ATL @ NO,Falcons,Saints,50,,0.0099999998,
ATL @ NO,Falcons,Saints,55,,0.0049999999,
ATL @ NO,Falcons,Saints,56,,0.0049999999,
DAL @ HOU,Cowboys,Texans,-45,0.0099999998,,
DAL @ HOU,Cowboys,Texans,-43,0.0049999999,,
DAL @ HOU,Cowboys,Texans,-42,0.0049999999,,
DAL @ HOU,Cowboys,Texans,-41,0.029999999,,
DAL @ HOU,Cowboys,Texans,-40,0.0049999999,,
DAL @ HOU,Cowboys,Texans,-39,0.015,,
DAL @ HOU,Cowboys,Texans,-38,0.025,,
DAL @ HOU,Cowboys,Texans,-37,0.025,,
DAL @ HOU,Cowboys,Texans,-36,0.025,,
DAL @ HOU,Cowboys,Texans,-35,0.055,,
DAL @ HOU,Cowboys,Texans,-34,0.050000001,,
DAL @ HOU,Cowboys,Texans,-33,0.050000001,,
DAL @ HOU,Cowboys,Texans,-32,0.064999998,,
DAL @ HOU,Cowboys,Texans,-31,0.125,,
DAL @ HOU,Cowboys,Texans,-30,0.090000004,,
DAL @ HOU,Cowboys,Texans,-29,0.090000004,,
DAL @ HOU,Cowboys,Texans,-28,0.25,,
DAL @ HOU,Cowboys,Texans,-27,0.19,,
DAL @ HOU,Cowboys,Texans,-26,0.155,,
DAL @ HOU,Cowboys,Texans,-25,0.27000001,,
DAL @ HOU,Cowboys,Texans,-24,0.49000001,,
DAL @ HOU,Cowboys,Texans,-23,0.28,,
DAL @ HOU,Cowboys,Texans,-22,0.285,,
DAL @ HOU,Cowboys,Texans,-21,0.75,,
DAL @ HOU,Cowboys,Texans,-20,0.50999999,,
DAL @ HOU,Cowboys,Texans,-19,0.435,,
DAL @ HOU,Cowboys,Texans,-18,0.79000002,,
DAL @ HOU,Cowboys,Texans,-17,1,,
DAL @ HOU,Cowboys,Texans,-16,0.66000003,,
DAL @ HOU,Cowboys,Texans,-15,0.62,,
DAL @ HOU,Cowboys,Texans,-14,1.645,,
DAL @ HOU,Cowboys,Texans,-13,1.015,,
DAL @ HOU,Cowboys,Texans,-12,0.66000003,,
DAL @ HOU,Cowboys,Texans,-11,0.95999998,,
DAL @ HOU,Cowboys,Texans,-10,1.735,,
DAL @ HOU,Cowboys,Texans,-9,0.60500002,,
DAL @ HOU,Cowboys,Texans,-8,1.74,,
DAL @ HOU,Cowboys,Texans,-7,3.98,,
DAL @ HOU,Cowboys,Texans,-6,2.7750001,,
DAL @ HOU,Cowboys,Texans,-5,1.545,,
DAL @ HOU,Cowboys,Texans,-4,2.575,,
DAL @ HOU,Cowboys,Texans,-3,5.8299999,,
DAL @ HOU,Cowboys,Texans,-2,1.96,,
DAL @ HOU,Cowboys,Texans,-1,2.825,,
DAL @ HOU,Cowboys,Texans,0,,,0.40000001
DAL @ HOU,Cowboys,Texans,1,,2.7750001,
DAL @ HOU,Cowboys,Texans,2,,2.52,
DAL @ HOU,Cowboys,Texans,3,,7.5250001,
DAL @ HOU,Cowboys,Texans,4,,2.8,
DAL @ HOU,Cowboys,Texans,5,,1.965,
DAL @ HOU,Cowboys,Texans,6,,4.23,
DAL @ HOU,Cowboys,Texans,7,,5.4349999,
DAL @ HOU,Cowboys,Texans,8,,2.5250001,
DAL @ HOU,Cowboys,Texans,9,,1.24,
DAL @ HOU,Cowboys,Texans,10,,3.28,
DAL @ HOU,Cowboys,Texans,11,,1.6900001,
DAL @ HOU,Cowboys,Texans,12,,1.17,
DAL @ HOU,Cowboys,Texans,13,,2.1400001,
DAL @ HOU,Cowboys,Texans,14,,2.905,
DAL @ HOU,Cowboys,Texans,15,,1.14,
DAL @ HOU,Cowboys,Texans,16,,1.51,
DAL @ HOU,Cowboys,Texans,17,,2.3499999,
DAL @ HOU,Cowboys,Texans,18,,1.67,
DAL @ HOU,Cowboys,Texans,19,,1.17,
DAL @ HOU,Cowboys,Texans,20,,1.355,
DAL @ HOU,Cowboys,Texans,21,,1.895,
DAL @ HOU,Cowboys,Texans,22,,0.75999999,
DAL @ HOU,Cowboys,Texans,23,,0.86000001,
DAL @ HOU,Cowboys,Texans,24,,1.495,
DAL @ HOU,Cowboys,Texans,25,,0.74000001,
DAL @ HOU,Cowboys,Texans,26,,0.56,
DAL @ HOU,Cowboys,Texans,27,,0.72500002,
DAL @ HOU,Cowboys,Texans,28,,0.81,
DAL @ HOU,Cowboys,Texans,29,,0.32499999,
DAL @ HOU,Cowboys,Texans,30,,0.38499999,
DAL @ HOU,Cowboys,Texans,31,,0.565,
DAL @ HOU,Cowboys,Texans,32,,0.255,
DAL @ HOU,Cowboys,Texans,33,,0.22499999,
DAL @ HOU,Cowboys,Texans,34,,0.27000001,
DAL @ HOU,Cowboys,Texans,35,,0.285,
DAL @ HOU,Cowboys,Texans,36,,0.090000004,
DAL @ HOU,Cowboys,Texans,37,,0.13,
DAL @ HOU,Cowboys,Texans,38,,0.155,
DAL @ HOU,Cowboys,Texans,39,,0.094999999,
DAL @ HOU,Cowboys,Texans,40,,0.035,
DAL @ HOU,Cowboys,Texans,41,,0.1,
DAL @ HOU,Cowboys,Texans,42,,0.075000003,
DAL @ HOU,Cowboys,Texans,43,,0.0099999998,
DAL @ HOU,Cowboys,Texans,44,,0.029999999,
DAL @ HOU,Cowboys,Texans,45,,0.035,
DAL @ HOU,Cowboys,Texans,46,,0.015,
DAL @ HOU,Cowboys,Texans,47,,0.0049999999,
DAL @ HOU,Cowboys,Texans,48,,0.02,
DAL @ HOU,Cowboys,Texans,49,,0.025,
DAL @ HOU,Cowboys,Texans,50,,0.0049999999,
DAL @ HOU,Cowboys,Texans,51,,0.0099999998,
DAL @ HOU,Cowboys,Texans,53,,0.0049999999,
DAL @ HOU,Cowboys,Texans,54,,0.0049999999,
DEN @ SF,Broncos,49ers,-50,0.0049999999,,
DEN @ SF,Broncos,49ers,-45,0.015,,
DEN @ SF,Broncos,49ers,-43,0.0099999998,,
DEN @ SF,Broncos,49ers,-42,0.0099999998,,
DEN @ SF,Broncos,49ers,-41,0.015,,
DEN @ SF,Broncos,49ers,-40,0.02,,
DEN @ SF,Broncos,49ers,-39,0.0049999999,,
DEN @ SF,Broncos,49ers,-38,0.039999999,,
DEN @ SF,Broncos,49ers,-37,0.025,,
DEN @ SF,Broncos,49ers,-36,0.015,,
DEN @ SF,Broncos,49ers,-35,0.064999998,,
DEN @ SF,Broncos,49ers,-34,0.07,,
DEN @ SF,Broncos,49ers,-33,0.064999998,,
DEN @ SF,Broncos,49ers,-32,0.050000001,,
DEN @ SF,Broncos,49ers,-31,0.17,,
DEN @ SF,Broncos,49ers,-30,0.1,,
DEN @ SF,Broncos,49ers,-29,0.090000004,,
DEN @ SF,Broncos,49ers,-28,0.27500001,,
DEN @ SF,Broncos,49ers,-27,0.205,,
DEN @ SF,Broncos,49ers,-26,0.18000001,,
DEN @ SF,Broncos,49ers,-25,0.26499999,,
DEN @ SF,Broncos,49ers,-24,0.54000002,,
DEN @ SF,Broncos,49ers,-23,0.31999999,,
DEN @ SF,Broncos,49ers,-22,0.27500001,,
DEN @ SF,Broncos,49ers,-21,0.83499998,,
DEN @ SF,Broncos,49ers,-20,0.52999997,,
DEN @ SF,Broncos,49ers,-19,0.47999999,,
DEN @ SF,Broncos,49ers,-18,0.78500003,,
DEN @ SF,Broncos,49ers,-17,1.145,,
DEN @ SF,Broncos,49ers,-16,0.69499999,,
DEN @ SF,Broncos,49ers,-15,0.57999998,,
DEN @ SF,Broncos,49ers,-14,1.66,,
DEN @ SF,Broncos,49ers,-13,1.13,,
DEN @ SF,Broncos,49ers,-12,0.67000002,,
DEN @ SF,Broncos,49ers,-11,1.02,,
DEN @ SF,Broncos,49ers,-10,2.125,,
DEN @ SF,Broncos,49ers,-9,0.74000001,,
DEN @ SF,Broncos,49ers,-8,1.59,,
DEN @ SF,Broncos,49ers,-7,4.0250001,,
DEN @ SF,Broncos,49ers,-6,3.05,,
DEN @ SF,Broncos,49ers,-5,1.515,,
DEN @ SF,Broncos,49ers,-4,2.46,,
DEN @ SF,Broncos,49ers,-3,6.7449999,,
DEN @ SF,Broncos,49ers,-2,2.2149999,,
DEN @ SF,Broncos,49ers,-1,2.845,,
DEN @ SF,Broncos,49ers,0,,,0.60000002
DEN @ SF,Broncos,49ers,1,,2.98,
DEN @ SF,Broncos,49ers,2,,2.1400001,
DEN @ SF,Broncos,49ers,3,,7.0250001,
DEN @ SF,Broncos,49ers,4,,3.2349999,
DEN @ SF,Broncos,49ers,5,,1.875,
DEN @ SF,Broncos,49ers,6,,3.7449999,
DEN @ SF,Broncos,49ers,7,,5.7399998,
DEN @ SF,Broncos,49ers,8,,2.5450001,
DEN @ SF,Broncos,49ers,9,,0.90499997,
DEN @ SF,Broncos,49ers,10,,3.1099999,
DEN @ SF,Broncos,49ers,11,,1.75,
DEN @ SF,Broncos,49ers,12,,1.15,
DEN @ SF,Broncos,49ers,13,,1.705,
DEN @ SF,Broncos,49ers,14,,3.165,
DEN @ SF,Broncos,49ers,15,,1.105,
DEN @ SF,Broncos,49ers,16,,1.25,
DEN @ SF,Broncos,49ers,17,,2.1400001,
DEN @ SF,Broncos,49ers,18,,1.73,
DEN @ SF,Broncos,49ers,19,,0.92500001,
DEN @ SF,Broncos,49ers,20,,1.155,
DEN @ SF,Broncos,49ers,21,,1.96,
DEN @ SF,Broncos,49ers,22,,0.70999998,
DEN @ SF,Broncos,49ers,23,,0.69499999,
DEN @ SF,Broncos,49ers,24,,1.39,
DEN @ SF,Broncos,49ers,25,,0.80000001,
DEN @ SF,Broncos,49ers,26,,0.44999999,
DEN @ SF,Broncos,49ers,27,,0.57499999,
DEN @ SF,Broncos,49ers,28,,0.87,
DEN @ SF,Broncos,49ers,29,,0.28999999,
DEN @ SF,Broncos,49ers,30,,0.28999999,
DEN @ SF,Broncos,49ers,31,,0.57999998,
DEN @ SF,Broncos,49ers,32,,0.27500001,
DEN @ SF,Broncos,49ers,33,,0.155,
DEN @ SF,Broncos,49ers,34,,0.23,
DEN @ SF,Broncos,49ers,35,,0.27000001,
DEN @ SF,Broncos,49ers,36,,0.1,
DEN @ SF,Broncos,49ers,37,,0.11,
DEN @ SF,Broncos,49ers,38,,0.155,
DEN @ SF,Broncos,49ers,39,,0.090000004,
DEN @ SF,Broncos,49ers,40,,0.045000002,
DEN @ SF,Broncos,49ers,41,,0.085000001,
DEN @ SF,Broncos,49ers,42,,0.07,
DEN @ SF,Broncos,49ers,43,,0.015,
DEN @ SF,Broncos,49ers,44,,0.015,
DEN @ SF,Broncos,49ers,45,,0.045000002,
DEN @ SF,Broncos,49ers,46,,0.0099999998,
DEN @ SF,Broncos,49ers,47,,0.02,
DEN @ SF,Broncos,49ers,48,,0.0099999998,
DEN @ SF,Broncos,49ers,49,,0.015,
DEN @ SF,Broncos,49ers,51,,0.0099999998,
DEN @ SF,Broncos,49ers,52,,0.0049999999,
DEN @ SF,Broncos,49ers,53,,0.0049999999,
DEN @ SF,Broncos,49ers,54,,0.0049999999,
DEN @ SF,Broncos,49ers,57,,0.0049999999,
DET @ CAR,Lions,Panthers,-56,0.0049999999,,
DET @ CAR,Lions,Panthers,-55,0.0099999998,,
DET @ CAR,Lions,Panthers,-54,0.0049999999,,
DET @ CAR,Lions,Panthers,-52,0.02,,
DET @ CAR,Lions,Panthers,-50,0.0099999998,,
DET @ CAR,Lions,Panthers,-49,0.015,,
DET @ CAR,Lions,Panthers,-48,0.015,,
DET @ CAR,Lions,Panthers,-47,0.0049999999,,
DET @ CAR,Lions,Panthers,-46,0.035,,
DET @ CAR,Lions,Panthers,-45,0.050000001,,
DET @ CAR,Lions,Panthers,-44,0.029999999,,
DET @ CAR,Lions,Panthers,-43,0.029999999,,
DET @ CAR,Lions,Panthers,-42,0.105,,
DET @ CAR,Lions,Panthers,-41,0.094999999,,
DET @ CAR,Lions,Panthers,-40,0.045000002,,
DET @ CAR,Lions,Panthers,-39,0.105,,
DET @ CAR,Lions,Panthers,-38,0.22,,
DET @ CAR,Lions,Panthers,-37,0.125,,
DET @ CAR,Lions,Panthers,-36,0.11,,
DET @ CAR,Lions,Panthers,-35,0.375,,
DET @ CAR,Lions,Panthers,-34,0.25999999,,
DET @ CAR,Lions,Panthers,-33,0.175,,
DET @ CAR,Lions,Panthers,-32,0.35499999,,
DET @ CAR,Lions,Panthers,-31,0.64999998,,
DET @ CAR,Lions,Panthers,-30,0.33000001,,
DET @ CAR,Lions,Panthers,-29,0.33500001,,
DET @ CAR,Lions,Panthers,-28,1.025,,
DET @ CAR,Lions,Panthers,-27,0.64999998,,
DET @ CAR,Lions,Panthers,-26,0.51499999,,
DET @ CAR,Lions,Panthers,-25,0.95499998,,
DET @ CAR,Lions,Panthers,-24,1.52,,
DET @ CAR,Lions,Panthers,-23,0.74000001,,
DET @ CAR,Lions,Panthers,-22,0.80000001,,
DET @ CAR,Lions,Panthers,-21,2.24,,
DET @ CAR,Lions,Panthers,-20,1.1849999,,
DET @ CAR,Lions,Panthers,-19,1.005,,
DET @ CAR,Lions,Panthers,-18,1.915,,
DET @ CAR,Lions,Panthers,-17,2.25,,
DET @ CAR,Lions,Panthers,-16,1.225,,
DET @ CAR,Lions,Panthers,-15,1.24,,
DET @ CAR,Lions,Panthers,-14,3.4100001,,
DET @ CAR,Lions,Panthers,-13,1.765,,
DET @ CAR,Lions,Panthers,-12,1.17,,
DET @ CAR,Lions,Panthers,-11,1.84,,
DET @ CAR,Lions,Panthers,-10,3.075,,
DET @ CAR,Lions,Panthers,-9,0.935,,
DET @ CAR,Lions,Panthers,-8,2.6199999,,
DET @ CAR,Lions,Panthers,-7,5.9850001,,
DET @ CAR,Lions,Panthers,-6,3.625,,
DET @ CAR,Lions,Panthers,-5,1.955,,
DET @ CAR,Lions,Panthers,-4,3.335,,
DET @ CAR,Lions,Panthers,-3,6.6300001,,
DET @ CAR,Lions,Panthers,-2,1.97,,
DET @ CAR,Lions,Panthers,-1,3.0050001,,
DET @ CAR,Lions,Panthers,0,,,0.60500002
DET @ CAR,Lions,Panthers,1,,2.6849999,
DET @ CAR,Lions,Panthers,2,,2.3099999,
DET @ CAR,Lions,Panthers,3,,6.7150002,
DET @ CAR,Lions,Panthers,4,,2.23,
DET @ CAR,Lions,Panthers,5,,1.4,
DET @ CAR,Lions,Panthers,6,,2.9649999,
DET @ CAR,Lions,Panthers,7,,3.71,
DET @ CAR,Lions,Panthers,8,,1.4349999,
DET @ CAR,Lions,Panthers,9,,0.73500001,
DET @ CAR,Lions,Panthers,10,,2.0350001,
DET @ CAR,Lions,Panthers,11,,0.91000003,
DET @ CAR,Lions,Panthers,12,,0.60500002,
DET @ CAR,Lions,Panthers,13,,1.05,
DET @ CAR,Lions,Panthers,14,,1.51,
DET @ CAR,Lions,Panthers,15,,0.505,
DET @ CAR,Lions,Panthers,16,,0.67000002,
DET @ CAR,Lions,Panthers,17,,1.035,
DET @ CAR,Lions,Panthers,18,,0.685,
DET @ CAR,Lions,Panthers,19,,0.41999999,
DET @ CAR,Lions,Panthers,20,,0.5,
DET @ CAR,Lions,Panthers,21,,0.72000003,
DET @ CAR,Lions,Panthers,22,,0.22499999,
DET @ CAR,Lions,Panthers,23,,0.315,
DET @ CAR,Lions,Panthers,24,,0.48500001,
DET @ CAR,Lions,Panthers,25,,0.19499999,
DET @ CAR,Lions,Panthers,26,,0.16500001,
DET @ CAR,Lions,Panthers,27,,0.22,
DET @ CAR,Lions,Panthers,28,,0.205,
DET @ CAR,Lions,Panthers,29,,0.090000004,
DET @ CAR,Lions,Panthers,30,,0.075000003,
DET @ CAR,Lions,Panthers,31,,0.145,
DET @ CAR,Lions,Panthers,32,,0.045000002,
DET @ CAR,Lions,Panthers,33,,0.045000002,
DET @ CAR,Lions,Panthers,34,,0.064999998,
DET @ CAR,Lions,Panthers,35,,0.055,
DET @ CAR,Lions,Panthers,36,,0.015,
DET @ CAR,Lions,Panthers,37,,0.02,
DET @ CAR,Lions,Panthers,38,,0.029999999,
DET @ CAR,Lions,Panthers,39,,0.0099999998,
DET @ CAR,Lions,Panthers,40,,0.0099999998,
DET @ CAR,Lions,Panthers,41,,0.0099999998,
DET @ CAR,Lions,Panthers,42,,0.02,
DET @ CAR,Lions,Panthers,44,,0.0049999999,
DET @ CAR,Lions,Panthers,45,,0.0099999998,
DET @ CAR,Lions,Panthers,46,,0.0049999999,
GB @ TB,Packers,Buccaneers,-52,0.0099999998,,
GB @ TB,Packers,Buccaneers,-51,0.0049999999,,
GB @ TB,Packers,Buccaneers,-49,0.015,,
GB @ TB,Packers,Buccaneers,-48,0.0099999998,,
GB @ TB,Packers,Buccaneers,-46,0.015,,
GB @ TB,Packers,Buccaneers,-45,0.029999999,,
GB @ TB,Packers,Buccaneers,-44,0.015,,
GB @ TB,Packers,Buccaneers,-43,0.02,,
GB @ TB,Packers,Buccaneers,-42,0.045000002,,
GB @ TB,Packers,Buccaneers,-41,0.075000003,,
GB @ TB,Packers,Buccaneers,-40,0.029999999,,
GB @ TB,Packers,Buccaneers,-39,0.07,,
GB @ TB,Packers,Buccaneers,-38,0.12,,
GB @ TB,Packers,Buccaneers,-37,0.094999999,,
GB @ TB,Packers,Buccaneers,-36,0.079999998,,
GB @ TB,Packers,Buccaneers,-35,0.23999999,,
GB @ TB,Packers,Buccaneers,-34,0.185,,
GB @ TB,Packers,Buccaneers,-33,0.155,,
GB @ TB,Packers,Buccaneers,-32,0.25999999,,
GB @ TB,Packers,Buccaneers,-31,0.47499999,,
GB @ TB,Packers,Buccaneers,-30,0.27000001,,
GB @ TB,Packers,Buccaneers,-29,0.28999999,,
GB @ TB,Packers,Buccaneers,-28,0.76999998,,
GB @ TB,Packers,Buccaneers,-27,0.56,,
GB @ TB,Packers,Buccaneers,-26,0.46000001,,
GB @ TB,Packers,Buccaneers,-25,0.74000001,,
GB @ TB,Packers,Buccaneers,-24,1.3099999,,
GB @ TB,Packers,Buccaneers,-23,0.69,,
GB @ TB,Packers,Buccaneers,-22,0.70999998,,
GB @ TB,Packers,Buccaneers,-21,1.895,,
GB @ TB,Packers,Buccaneers,-20,1.13,,
GB @ TB,Packers,Buccaneers,-19,0.98500001,,
GB @ TB,Packers,Buccaneers,-18,1.72,,
GB @ TB,Packers,Buccaneers,-17,2.1199999,,
GB @ TB,Packers,Buccaneers,-16,1.275,,
GB @ TB,Packers,Buccaneers,-15,1.2,,
GB @ TB,Packers,Buccaneers,-14,3.145,,
GB @ TB,Packers,Buccaneers,-13,1.825,,
GB @ TB,Packers,Buccaneers,-12,1.17,,
GB @ TB,Packers,Buccaneers,-11,1.7,,
GB @ TB,Packers,Buccaneers,-10,2.99,,
GB @ TB,Packers,Buccaneers,-9,0.97500002,,
GB @ TB,Packers,Buccaneers,-8,2.7,,
GB @ TB,Packers,Buccaneers,-7,5.8899999,,
GB @ TB,Packers,Buccaneers,-6,3.875,,
GB @ TB,Packers,Buccaneers,-5,2,,
GB @ TB,Packers,Buccaneers,-4,3.3499999,,
GB @ TB,Packers,Buccaneers,-3,7.0300002,,
GB @ TB,Packers,Buccaneers,-2,2.115,,
GB @ TB,Packers,Buccaneers,-1,3.105,,
GB @ TB,Packers,Buccaneers,0,,,0.495
GB @ TB,Packers,Buccaneers,1,,2.865,
GB @ TB,Packers,Buccaneers,2,,2.45,
GB @ TB,Packers,Buccaneers,3,,6.9000001,
GB @ TB,Packers,Buccaneers,4,,2.4949999,
GB @ TB,Packers,Buccaneers,5,,1.545,
GB @ TB,Packers,Buccaneers,6,,3.22,
GB @ TB,Packers,Buccaneers,7,,3.905,
GB @ TB,Packers,Buccaneers,8,,1.64,
GB @ TB,Packers,Buccaneers,9,,0.81,
GB @ TB,Packers,Buccaneers,10,,2.0699999,
GB @ TB,Packers,Buccaneers,11,,1.005,
GB @ TB,Packers,Buccaneers,12,,0.64999998,
GB @ TB,Packers,Buccaneers,13,,1.165,
GB @ TB,Packers,Buccaneers,14,,1.55,
GB @ TB,Packers,Buccaneers,15,,0.56999999,
GB @ TB,Packers,Buccaneers,16,,0.71499997,
GB @ TB,Packers,Buccaneers,17,,1.1,
GB @ TB,Packers,Buccaneers,18,,0.73500001,
GB @ TB,Packers,Buccaneers,19,,0.47499999,
GB @ TB,Packers,Buccaneers,20,,0.54500002,
GB @ TB,Packers,Buccaneers,21,,0.69499999,
GB @ TB,Packers,Buccaneers,22,,0.245,
GB @ TB,Packers,Buccaneers,23,,0.33000001,
GB @ TB,Packers,Buccaneers,24,,0.48500001,
GB @ TB,Packers,Buccaneers,25,,0.22,
GB @ TB,Packers,Buccaneers,26,,0.16500001,
GB @ TB,Packers,Buccaneers,27,,0.2,
GB @ TB,Packers,Buccaneers,28,,0.205,
GB @ TB,Packers,Buccaneers,29,,0.07,
GB @ TB,Packers,Buccaneers,30,,0.11,
GB @ TB,Packers,Buccaneers,31,,0.13,
GB @ TB,Packers,Buccaneers,32,,0.045000002,
GB @ TB,Packers,Buccaneers,33,,0.035,
GB @ TB,Packers,Buccaneers,34,,0.050000001,
GB @ TB,Packers,Buccaneers,35,,0.050000001,
GB @ TB,Packers,Buccaneers,36,,0.02,
GB @ TB,Packers,Buccaneers,37,,0.02,
GB @ TB,Packers,Buccaneers,38,,0.029999999,
GB @ TB,Packers,Buccaneers,39,,0.0049999999,
GB @ TB,Packers,Buccaneers,40,,0.0049999999,
GB @ TB,Packers,Buccaneers,41,,0.0099999998,
GB @ TB,Packers,Buccaneers,42,,0.0099999998,
GB @ TB,Packers,Buccaneers,43,,0.0049999999,
GB @ TB,Packers,Buccaneers,44,,0.0099999998,
IND v WAS,Colts,Commanders,-52,0.0049999999,,
IND v WAS,Colts,Commanders,-49,0.0099999998,,
IND v WAS,Colts,Commanders,-48,0.02,,
IND v WAS,Colts,Commanders,-47,0.0049999999,,
IND v WAS,Colts,Commanders,-46,0.0099999998,,
IND v WAS,Colts,Commanders,-45,0.029999999,,
IND v WAS,Colts,Commanders,-44,0.0099999998,,
IND v WAS,Colts,Commanders,-43,0.02,,
IND v WAS,Colts,Commanders,-42,0.050000001,,
IND v WAS,Colts,Commanders,-41,0.050000001,,
IND v WAS,Colts,Commanders,-40,0.039999999,,
IND v WAS,Colts,Commanders,-39,0.064999998,,
IND v WAS,Colts,Commanders,-38,0.125,,
IND v WAS,Colts,Commanders,-37,0.079999998,,
IND v WAS,Colts,Commanders,-36,0.075000003,,
IND v WAS,Colts,Commanders,-35,0.185,,
IND v WAS,Colts,Commanders,-34,0.20999999,,
IND v WAS,Colts,Commanders,-33,0.12,,
IND v WAS,Colts,Commanders,-32,0.20999999,,
IND v WAS,Colts,Commanders,-31,0.465,,
IND v WAS,Colts,Commanders,-30,0.25,,
IND v WAS,Colts,Commanders,-29,0.245,,
IND v WAS,Colts,Commanders,-28,0.67000002,,
IND v WAS,Colts,Commanders,-27,0.495,,
IND v WAS,Colts,Commanders,-26,0.44999999,,
IND v WAS,Colts,Commanders,-25,0.63499999,,
IND v WAS,Colts,Commanders,-24,1.165,,
IND v WAS,Colts,Commanders,-23,0.685,,
IND v WAS,Colts,Commanders,-22,0.59500003,,
IND v WAS,Colts,Commanders,-21,1.64,,
IND v WAS,Colts,Commanders,-20,1.0700001,,
IND v WAS,Colts,Commanders,-19,0.88499999,,
IND v WAS,Colts,Commanders,-18,1.545,,
IND v WAS,Colts,Commanders,-17,1.99,,
IND v WAS,Colts,Commanders,-16,1.1849999,,
IND v WAS,Colts,Commanders,-15,1,,
IND v WAS,Colts,Commanders,-14,2.825,,
IND v WAS,Colts,Commanders,-13,1.735,,
IND v WAS,Colts,Commanders,-12,1.0700001,,
IND v WAS,Colts,Commanders,-11,1.6,,
IND v WAS,Colts,Commanders,-10,2.9949999,,
IND v WAS,Colts,Commanders,-9,1.035,,
IND v WAS,Colts,Commanders,-8,2.3299999,,
IND v WAS,Colts,Commanders,-7,5.4899998,,
IND v WAS,Colts,Commanders,-6,3.8099999,,
IND v WAS,Colts,Commanders,-5,1.92,,
IND v WAS,Colts,Commanders,-4,3.0599999,,
IND v WAS,Colts,Commanders,-3,7.3150001,,
IND v WAS,Colts,Commanders,-2,2.29,,
IND v WAS,Colts,Commanders,-1,3.0050001,,
IND v WAS,Colts,Commanders,0,,,0.54500002
IND v WAS,Colts,Commanders,1,,2.95,
IND v WAS,Colts,Commanders,2,,2.2,
IND v WAS,Colts,Commanders,3,,6.8299999,
IND v WAS,Colts,Commanders,4,,2.645,
IND v WAS,Colts,Commanders,5,,1.67,
IND v WAS,Colts,Commanders,6,,3.1900001,
IND v WAS,Colts,Commanders,7,,4.3400002,
IND v WAS,Colts,Commanders,8,,1.83,
IND v WAS,Colts,Commanders,9,,0.76499999,
IND v WAS,Colts,Commanders,10,,2.24,
IND v WAS,Colts,Commanders,11,,1.105,
IND v WAS,Colts,Commanders,12,,0.76499999,
IND v WAS,Colts,Commanders,13,,1.225,
IND v WAS,Colts,Commanders,14,,1.87,
IND v WAS,Colts,Commanders,15,,0.70499998,
IND v WAS,Colts,Commanders,16,,0.75999999,
IND v WAS,Colts,Commanders,17,,1.255,
IND v WAS,Colts,Commanders,18,,0.935,
IND v WAS,Colts,Commanders,19,,0.53500003,
IND v WAS,Colts,Commanders,20,,0.61000001,
IND v WAS,Colts,Commanders,21,,0.92500001,
IND v WAS,Colts,Commanders,22,,0.35499999,
IND v WAS,Colts,Commanders,23,,0.34,
IND v WAS,Colts,Commanders,24,,0.60500002,
IND v WAS,Colts,Commanders,25,,0.345,
IND v WAS,Colts,Commanders,26,,0.19,
IND v WAS,Colts,Commanders,27,,0.27000001,
IND v WAS,Colts,Commanders,28,,0.30500001,
IND v WAS,Colts,Commanders,29,,0.105,
IND v WAS,Colts,Commanders,30,,0.14,
IND v WAS,Colts,Commanders,31,,0.18000001,
IND v WAS,Colts,Commanders,32,,0.090000004,
IND v WAS,Colts,Commanders,33,,0.059999999,
IND v WAS,Colts,Commanders,34,,0.075000003,
IND v WAS,Colts,Commanders,35,,0.079999998,
IND v WAS,Colts,Commanders,36,,0.02,
IND v WAS,Colts,Commanders,37,,0.039999999,
IND v WAS,Colts,Commanders,38,,0.045000002,
IND v WAS,Colts,Commanders,39,,0.0099999998,
IND v WAS,Colts,Commanders,40,,0.025,
IND v WAS,Colts,Commanders,41,,0.0049999999,
IND v WAS,Colts,Commanders,42,,0.015,
IND v WAS,Colts,Commanders,43,,0.0049999999,
IND v WAS,Colts,Commanders,44,,0.02,
IND v WAS,Colts,Commanders,45,,0.0049999999,
IND v WAS,Colts,Commanders,46,,0.0049999999,
JAX @ CIN,Jaguars,Bengals,-55,0.0099999998,,
JAX @ CIN,Jaguars,Bengals,-52,0.0099999998,,
JAX @ CIN,Jaguars,Bengals,-48,0.0049999999,,
JAX @ CIN,Jaguars,Bengals,-47,0.0049999999,,
JAX @ CIN,Jaguars,Bengals,-46,0.025,,
JAX @ CIN,Jaguars,Bengals,-45,0.0099999998,,
JAX @ CIN,Jaguars,Bengals,-44,0.02,,
JAX @ CIN,Jaguars,Bengals,-43,0.0099999998,,
JAX @ CIN,Jaguars,Bengals,-42,0.035,,
JAX @ CIN,Jaguars,Bengals,-41,0.045000002,,
JAX @ CIN,Jaguars,Bengals,-40,0.029999999,,
JAX @ CIN,Jaguars,Bengals,-39,0.050000001,,
JAX @ CIN,Jaguars,Bengals,-38,0.105,,
JAX @ CIN,Jaguars,Bengals,-37,0.064999998,,
JAX @ CIN,Jaguars,Bengals,-36,0.055,,
JAX @ CIN,Jaguars,Bengals,-35,0.16500001,,
JAX @ CIN,Jaguars,Bengals,-34,0.16500001,,
JAX @ CIN,Jaguars,Bengals,-33,0.11,,
JAX @ CIN,Jaguars,Bengals,-32,0.17,,
JAX @ CIN,Jaguars,Bengals,-31,0.37,,
JAX @ CIN,Jaguars,Bengals,-30,0.19499999,,
JAX @ CIN,Jaguars,Bengals,-29,0.205,,
JAX @ CIN,Jaguars,Bengals,-28,0.56,,
JAX @ CIN,Jaguars,Bengals,-27,0.42500001,,
JAX @ CIN,Jaguars,Bengals,-26,0.32499999,,
JAX @ CIN,Jaguars,Bengals,-25,0.55000001,,
JAX @ CIN,Jaguars,Bengals,-24,0.99000001,,
JAX @ CIN,Jaguars,Bengals,-23,0.52499998,,
JAX @ CIN,Jaguars,Bengals,-22,0.52499998,,
JAX @ CIN,Jaguars,Bengals,-21,1.42,,
JAX @ CIN,Jaguars,Bengals,-20,0.88,,
JAX @ CIN,Jaguars,Bengals,-19,0.745,,
JAX @ CIN,Jaguars,Bengals,-18,1.3099999,,
JAX @ CIN,Jaguars,Bengals,-17,1.715,,
JAX @ CIN,Jaguars,Bengals,-16,1,,
JAX @ CIN,Jaguars,Bengals,-15,0.88,,
JAX @ CIN,Jaguars,Bengals,-14,2.49,,
JAX @ CIN,Jaguars,Bengals,-13,1.525,,
JAX @ CIN,Jaguars,Bengals,-12,0.93000001,,
JAX @ CIN,Jaguars,Bengals,-11,1.415,,
JAX @ CIN,Jaguars,Bengals,-10,2.7249999,,
JAX @ CIN,Jaguars,Bengals,-9,0.87,,
JAX @ CIN,Jaguars,Bengals,-8,2.145,,
JAX @ CIN,Jaguars,Bengals,-7,5.0599999,,
JAX @ CIN,Jaguars,Bengals,-6,3.4849999,,
JAX @ CIN,Jaguars,Bengals,-5,1.79,,
JAX @ CIN,Jaguars,Bengals,-4,2.9300001,,
JAX @ CIN,Jaguars,Bengals,-3,7.0500002,,
JAX @ CIN,Jaguars,Bengals,-2,2.175,,
JAX @ CIN,Jaguars,Bengals,-1,2.9549999,,
JAX @ CIN,Jaguars,Bengals,0,,,0.60000002
JAX @ CIN,Jaguars,Bengals,1,,3,
JAX @ CIN,Jaguars,Bengals,2,,2.2149999,
JAX @ CIN,Jaguars,Bengals,3,,6.9400001,
JAX @ CIN,Jaguars,Bengals,4,,2.855,
JAX @ CIN,Jaguars,Bengals,5,,1.67,
JAX @ CIN,Jaguars,Bengals,6,,3.415,
JAX @ CIN,Jaguars,Bengals,7,,4.7849998,
JAX @ CIN,Jaguars,Bengals,8,,1.995,
JAX @ CIN,Jaguars,Bengals,9,,0.87,
JAX @ CIN,Jaguars,Bengals,10,,2.5450001,
JAX @ CIN,Jaguars,Bengals,11,,1.33,
JAX @ CIN,Jaguars,Bengals,12,,0.80500001,
JAX @ CIN,Jaguars,Bengals,13,,1.4349999,
JAX @ CIN,Jaguars,Bengals,14,,2.2950001,
JAX @ CIN,Jaguars,Bengals,15,,0.80000001,
JAX @ CIN,Jaguars,Bengals,16,,0.91000003,
JAX @ CIN,Jaguars,Bengals,17,,1.5700001,
JAX @ CIN,Jaguars,Bengals,18,,1.115,
JAX @ CIN,Jaguars,Bengals,19,,0.68000001,
JAX @ CIN,Jaguars,Bengals,20,,0.81999999,
JAX @ CIN,Jaguars,Bengals,21,,1.25,
JAX @ CIN,Jaguars,Bengals,22,,0.44999999,
JAX @ CIN,Jaguars,Bengals,23,,0.42500001,
JAX @ CIN,Jaguars,Bengals,24,,0.875,
JAX @ CIN,Jaguars,Bengals,25,,0.465,
JAX @ CIN,Jaguars,Bengals,26,,0.31,
JAX @ CIN,Jaguars,Bengals,27,,0.33000001,
JAX @ CIN,Jaguars,Bengals,28,,0.47,
JAX @ CIN,Jaguars,Bengals,29,,0.16,
JAX @ CIN,Jaguars,Bengals,30,,0.185,
JAX @ CIN,Jaguars,Bengals,31,,0.30500001,
JAX @ CIN,Jaguars,Bengals,32,,0.145,
JAX @ CIN,Jaguars,Bengals,33,,0.085000001,
JAX @ CIN,Jaguars,Bengals,34,,0.125,
JAX @ CIN,Jaguars,Bengals,35,,0.13500001,
JAX @ CIN,Jaguars,Bengals,36,,0.039999999,
JAX @ CIN,Jaguars,Bengals,37,,0.075000003,
JAX @ CIN,Jaguars,Bengals,38,,0.075000003,
JAX @ CIN,Jaguars,Bengals,39,,0.029999999,
JAX @ CIN,Jaguars,Bengals,40,,0.025,
JAX @ CIN,Jaguars,Bengals,41,,0.029999999,
JAX @ CIN,Jaguars,Bengals,42,,0.035,
JAX @ CIN,Jaguars,Bengals,43,,0.0099999998,
JAX @ CIN,Jaguars,Bengals,44,,0.0049999999,
JAX @ CIN,Jaguars,Bengals,45,,0.02,
JAX @ CIN,Jaguars,Bengals,46,,0.015,
JAX @ CIN,Jaguars,Bengals,51,,0.0049999999,
JAX @ CIN,Jaguars,Bengals,52,,0.0049999999,
JAX @ CIN,Jaguars,Bengals,53,,0.0049999999,
JAX @ CIN,Jaguars,Bengals,54,,0.0049999999,
KC @ LV,Chiefs,Raiders,-62,0.0049999999,,
KC @ LV,Chiefs,Raiders,-57,0.0049999999,,
KC @ LV,Chiefs,Raiders,-56,0.0049999999,,
KC @ LV,Chiefs,Raiders,-54,0.0049999999,,
KC @ LV,Chiefs,Raiders,-52,0.0049999999,,
KC @ LV,Chiefs,Raiders,-51,0.015,,
KC @ LV,Chiefs,Raiders,-49,0.015,,
KC @ LV,Chiefs,Raiders,-48,0.025,,
KC @ LV,Chiefs,Raiders,-47,0.02,,
KC @ LV,Chiefs,Raiders,-46,0.02,,
KC @ LV,Chiefs,Raiders,-45,0.055,,
KC @ LV,Chiefs,Raiders,-44,0.035,,
KC @ LV,Chiefs,Raiders,-43,0.025,,
KC @ LV,Chiefs,Raiders,-42,0.1,,
KC @ LV,Chiefs,Raiders,-41,0.105,,
KC @ LV,Chiefs,Raiders,-40,0.07,,
KC @ LV,Chiefs,Raiders,-39,0.094999999,,
KC @ LV,Chiefs,Raiders,-38,0.22499999,,
KC @ LV,Chiefs,Raiders,-37,0.145,,
KC @ LV,Chiefs,Raiders,-36,0.12,,
KC @ LV,Chiefs,Raiders,-35,0.34999999,,
KC @ LV,Chiefs,Raiders,-34,0.31999999,,
KC @ LV,Chiefs,Raiders,-33,0.23999999,,
KC @ LV,Chiefs,Raiders,-32,0.37,,
KC @ LV,Chiefs,Raiders,-31,0.72000003,,
KC @ LV,Chiefs,Raiders,-30,0.405,,
KC @ LV,Chiefs,Raiders,-29,0.38499999,,
KC @ LV,Chiefs,Raiders,-28,1.045,,
KC @ LV,Chiefs,Raiders,-27,0.79000002,,
KC @ LV,Chiefs,Raiders,-26,0.62,,
KC @ LV,Chiefs,Raiders,-25,0.935,,
KC @ LV,Chiefs,Raiders,-24,1.6900001,,
KC @ LV,Chiefs,Raiders,-23,0.91500002,,
KC @ LV,Chiefs,Raiders,-22,0.86000001,,
KC @ LV,Chiefs,Raiders,-21,2.26,,
KC @ LV,Chiefs,Raiders,-20,1.415,,
KC @ LV,Chiefs,Raiders,-19,1.1900001,,
KC @ LV,Chiefs,Raiders,-18,1.96,,
KC @ LV,Chiefs,Raiders,-17,2.5450001,,
KC @ LV,Chiefs,Raiders,-16,1.495,,
KC @ LV,Chiefs,Raiders,-15,1.3,,
KC @ LV,Chiefs,Raiders,-14,3.395,,
KC @ LV,Chiefs,Raiders,-13,2.0999999,,
KC @ LV,Chiefs,Raiders,-12,1.255,,
KC @ LV,Chiefs,Raiders,-11,1.8150001,,
KC @ LV,Chiefs,Raiders,-10,3.3399999,,
KC @ LV,Chiefs,Raiders,-9,1.11,,
KC @ LV,Chiefs,Raiders,-8,2.6849999,,
KC @ LV,Chiefs,Raiders,-7,5.9400001,,
KC @ LV,Chiefs,Raiders,-6,3.9749999,,
KC @ LV,Chiefs,Raiders,-5,1.995,,
KC @ LV,Chiefs,Raiders,-4,3.1500001,,
KC @ LV,Chiefs,Raiders,-3,7.0900002,,
KC @ LV,Chiefs,Raiders,-2,2.165,,
KC @ LV,Chiefs,Raiders,-1,2.8150001,,
KC @ LV,Chiefs,Raiders,0,,,0.47
KC @ LV,Chiefs,Raiders,1,,2.6949999,
KC @ LV,Chiefs,Raiders,2,,2.0899999,
KC @ LV,Chiefs,Raiders,3,,6.0349998,
KC @ LV,Chiefs,Raiders,4,,2.2449999,
KC @ LV,Chiefs,Raiders,5,,1.38,
KC @ LV,Chiefs,Raiders,6,,2.71,
KC @ LV,Chiefs,Raiders,7,,3.47,
KC @ LV,Chiefs,Raiders,8,,1.4349999,
KC @ LV,Chiefs,Raiders,9,,0.59500003,
KC @ LV,Chiefs,Raiders,10,,1.705,
KC @ LV,Chiefs,Raiders,11,,0.83999997,
KC @ LV,Chiefs,Raiders,12,,0.56,
KC @ LV,Chiefs,Raiders,13,,0.91500002,
KC @ LV,Chiefs,Raiders,14,,1.33,
KC @ LV,Chiefs,Raiders,15,,0.47499999,
KC @ LV,Chiefs,Raiders,16,,0.56,
KC @ LV,Chiefs,Raiders,17,,0.87,
KC @ LV,Chiefs,Raiders,18,,0.60500002,
KC @ LV,Chiefs,Raiders,19,,0.375,
KC @ LV,Chiefs,Raiders,20,,0.41,
KC @ LV,Chiefs,Raiders,21,,0.57999998,
KC @ LV,Chiefs,Raiders,22,,0.215,
KC @ LV,Chiefs,Raiders,23,,0.22,
KC @ LV,Chiefs,Raiders,24,,0.38499999,
KC @ LV,Chiefs,Raiders,25,,0.175,
KC @ LV,Chiefs,Raiders,26,,0.12,
KC @ LV,Chiefs,Raiders,27,,0.155,
KC @ LV,Chiefs,Raiders,28,,0.16500001,
KC @ LV,Chiefs,Raiders,29,,0.07,
KC @ LV,Chiefs,Raiders,30,,0.07,
KC @ LV,Chiefs,Raiders,31,,0.1,
KC @ LV,Chiefs,Raiders,32,,0.039999999,
KC @ LV,Chiefs,Raiders,33,,0.025,
KC @ LV,Chiefs,Raiders,34,,0.045000002,
KC @ LV,Chiefs,Raiders,35,,0.029999999,
KC @ LV,Chiefs,Raiders,36,,0.029999999,
KC @ LV,Chiefs,Raiders,37,,0.015,
KC @ LV,Chiefs,Raiders,38,,0.015,
KC @ LV,Chiefs,Raiders,39,,0.0049999999,
KC @ LV,Chiefs,Raiders,40,,0.0099999998,
KC @ LV,Chiefs,Raiders,41,,0.0049999999,
KC @ LV,Chiefs,Raiders,42,,0.0049999999,
KC @ LV,Chiefs,Raiders,45,,0.0049999999,
KC @ LV,Chiefs,Raiders,46,,0.0049999999,
KC @ LV,Chiefs,Raiders,53,,0.0049999999,
LAC @ SEA,Chargers,Seahawks,-40,0.0049999999,,
LAC @ SEA,Chargers,Seahawks,-38,0.0099999998,,
LAC @ SEA,Chargers,Seahawks,-36,0.0049999999,,
LAC @ SEA,Chargers,Seahawks,-35,0.0099999998,,
LAC @ SEA,Chargers,Seahawks,-34,0.0049999999,,
LAC @ SEA,Chargers,Seahawks,-33,0.0049999999,,
LAC @ SEA,Chargers,Seahawks,-32,0.0099999998,,
LAC @ SEA,Chargers,Seahawks,-31,0.029999999,,
LAC @ SEA,Chargers,Seahawks,-30,0.02,,
LAC @ SEA,Chargers,Seahawks,-29,0.0099999998,,
LAC @ SEA,Chargers,Seahawks,-28,0.064999998,,
LAC @ SEA,Chargers,Seahawks,-27,0.025,,
LAC @ SEA,Chargers,Seahawks,-26,0.045000002,,
LAC @ SEA,Chargers,Seahawks,-25,0.07,,
LAC @ SEA,Chargers,Seahawks,-24,0.13500001,,
LAC @ SEA,Chargers,Seahawks,-23,0.085000001,,
LAC @ SEA,Chargers,Seahawks,-22,0.085000001,,
LAC @ SEA,Chargers,Seahawks,-21,0.22,,
LAC @ SEA,Chargers,Seahawks,-20,0.18000001,,
LAC @ SEA,Chargers,Seahawks,-19,0.155,,
LAC @ SEA,Chargers,Seahawks,-18,0.28999999,,
LAC @ SEA,Chargers,Seahawks,-17,0.38999999,,
LAC @ SEA,Chargers,Seahawks,-16,0.26499999,,
LAC @ SEA,Chargers,Seahawks,-15,0.23999999,,
LAC @ SEA,Chargers,Seahawks,-14,0.67000002,,
LAC @ SEA,Chargers,Seahawks,-13,0.505,,
LAC @ SEA,Chargers,Seahawks,-12,0.30000001,,
LAC @ SEA,Chargers,Seahawks,-11,0.47,,
LAC @ SEA,Chargers,Seahawks,-10,0.97000003,,
LAC @ SEA,Chargers,Seahawks,-9,0.38,,
LAC @ SEA,Chargers,Seahawks,-8,0.88499999,,
LAC @ SEA,Chargers,Seahawks,-7,2.1849999,,
LAC @ SEA,Chargers,Seahawks,-6,1.85,,
LAC @ SEA,Chargers,Seahawks,-5,0.98000002,,
LAC @ SEA,Chargers,Seahawks,-4,1.58,,
LAC @ SEA,Chargers,Seahawks,-3,4.585,,
LAC @ SEA,Chargers,Seahawks,-2,1.6799999,,
LAC @ SEA,Chargers,Seahawks,-1,2.2049999,,
LAC @ SEA,Chargers,Seahawks,0,,,0.35499999
LAC @ SEA,Chargers,Seahawks,1,,2.3900001,
LAC @ SEA,Chargers,Seahawks,2,,1.875,
LAC @ SEA,Chargers,Seahawks,3,,6.3400002,
LAC @ SEA,Chargers,Seahawks,4,,3.0150001,
LAC @ SEA,Chargers,Seahawks,5,,1.95,
LAC @ SEA,Chargers,Seahawks,6,,3.9949999,
LAC @ SEA,Chargers,Seahawks,7,,6.2449999,
LAC @ SEA,Chargers,Seahawks,8,,3.0250001,
LAC @ SEA,Chargers,Seahawks,9,,1.225,
LAC @ SEA,Chargers,Seahawks,10,,3.71,
LAC @ SEA,Chargers,Seahawks,11,,2.04,
LAC @ SEA,Chargers,Seahawks,12,,1.485,
LAC @ SEA,Chargers,Seahawks,13,,2.55,
LAC @ SEA,Chargers,Seahawks,14,,4.1750002,
LAC @ SEA,Chargers,Seahawks,15,,1.6900001,
LAC @ SEA,Chargers,Seahawks,16,,1.875,
LAC @ SEA,Chargers,Seahawks,17,,3.3599999,
LAC @ SEA,Chargers,Seahawks,18,,2.625,
LAC @ SEA,Chargers,Seahawks,19,,1.655,
LAC @ SEA,Chargers,Seahawks,20,,1.96,
LAC @ SEA,Chargers,Seahawks,21,,3.2149999,
LAC @ SEA,Chargers,Seahawks,22,,1.325,
LAC @ SEA,Chargers,Seahawks,23,,1.375,
LAC @ SEA,Chargers,Seahawks,24,,2.54,
LAC @ SEA,Chargers,Seahawks,25,,1.4450001,
LAC @ SEA,Chargers,Seahawks,26,,1.005,
LAC @ SEA,Chargers,Seahawks,27,,1.21,
LAC @ SEA,Chargers,Seahawks,28,,1.735,
LAC @ SEA,Chargers,Seahawks,29,,0.63999999,
LAC @ SEA,Chargers,Seahawks,30,,0.71499997,
LAC @ SEA,Chargers,Seahawks,31,,1.225,
LAC @ SEA,Chargers,Seahawks,32,,0.63,
LAC @ SEA,Chargers,Seahawks,33,,0.38499999,
LAC @ SEA,Chargers,Seahawks,34,,0.60500002,
LAC @ SEA,Chargers,Seahawks,35,,0.63499999,
LAC @ SEA,Chargers,Seahawks,36,,0.22,
LAC @ SEA,Chargers,Seahawks,37,,0.30000001,
LAC @ SEA,Chargers,Seahawks,38,,0.40000001,
LAC @ SEA,Chargers,Seahawks,39,,0.22499999,
LAC @ SEA,Chargers,Seahawks,40,,0.115,
LAC @ SEA,Chargers,Seahawks,41,,0.215,
LAC @ SEA,Chargers,Seahawks,42,,0.19,
LAC @ SEA,Chargers,Seahawks,43,,0.059999999,
LAC @ SEA,Chargers,Seahawks,44,,0.079999998,
LAC @ SEA,Chargers,Seahawks,45,,0.115,
LAC @ SEA,Chargers,Seahawks,46,,0.045000002,
LAC @ SEA,Chargers,Seahawks,47,,0.029999999,
LAC @ SEA,Chargers,Seahawks,48,,0.050000001,
LAC @ SEA,Chargers,Seahawks,49,,0.025,
LAC @ SEA,Chargers,Seahawks,50,,0.015,
LAC @ SEA,Chargers,Seahawks,51,,0.02,
LAC @ SEA,Chargers,Seahawks,52,,0.025,
LAC @ SEA,Chargers,Seahawks,53,,0.0049999999,
LAC @ SEA,Chargers,Seahawks,55,,0.0099999998,
LAC @ SEA,Chargers,Seahawks,56,,0.0099999998,
LAC @ SEA,Chargers,Seahawks,58,,0.0099999998,
LAC @ SEA,Chargers,Seahawks,59,,0.0049999999,
LAR @ PHI,Rams,Eagles,-47,0.0099999998,,
LAR @ PHI,Rams,Eagles,-45,0.0099999998,,
LAR @ PHI,Rams,Eagles,-44,0.0099999998,,
LAR @ PHI,Rams,Eagles,-42,0.015,,
LAR @ PHI,Rams,Eagles,-41,0.035,,
LAR @ PHI,Rams,Eagles,-40,0.0049999999,,
LAR @ PHI,Rams,Eagles,-39,0.02,,
LAR @ PHI,Rams,Eagles,-38,0.045000002,,
LAR @ PHI,Rams,Eagles,-37,0.025,,
LAR @ PHI,Rams,Eagles,-36,0.025,,
LAR @ PHI,Rams,Eagles,-35,0.1,,
LAR @ PHI,Rams,Eagles,-34,0.085000001,,
LAR @ PHI,Rams,Eagles,-33,0.055,,
LAR @ PHI,Rams,Eagles,-32,0.075000003,,
LAR @ PHI,Rams,Eagles,-31,0.215,,
LAR @ PHI,Rams,Eagles,-30,0.1,,
LAR @ PHI,Rams,Eagles,-29,0.115,,
LAR @ PHI,Rams,Eagles,-28,0.35499999,,
LAR @ PHI,Rams,Eagles,-27,0.23,,
LAR @ PHI,Rams,Eagles,-26,0.20999999,,
LAR @ PHI,Rams,Eagles,-25,0.33500001,,
LAR @ PHI,Rams,Eagles,-24,0.64499998,,
LAR @ PHI,Rams,Eagles,-23,0.33000001,,
LAR @ PHI,Rams,Eagles,-22,0.33000001,,
LAR @ PHI,Rams,Eagles,-21,1,,
LAR @ PHI,Rams,Eagles,-20,0.61000001,,
LAR @ PHI,Rams,Eagles,-19,0.52499998,,
LAR @ PHI,Rams,Eagles,-18,0.95499998,,
LAR @ PHI,Rams,Eagles,-17,1.275,,
LAR @ PHI,Rams,Eagles,-16,0.76499999,,
LAR @ PHI,Rams,Eagles,-15,0.65499997,,
LAR @ PHI,Rams,Eagles,-14,1.975,,
LAR @ PHI,Rams,Eagles,-13,1.21,,
LAR @ PHI,Rams,Eagles,-12,0.71499997,,
LAR @ PHI,Rams,Eagles,-11,1.2,,
LAR @ PHI,Rams,Eagles,-10,2.29,,
LAR @ PHI,Rams,Eagles,-9,0.74000001,,
LAR @ PHI,Rams,Eagles,-8,1.8200001,,
LAR @ PHI,Rams,Eagles,-7,4.5100002,,
LAR @ PHI,Rams,Eagles,-6,3.155,,
LAR @ PHI,Rams,Eagles,-5,1.625,,
LAR @ PHI,Rams,Eagles,-4,2.76,,
LAR @ PHI,Rams,Eagles,-3,6.7750001,,
LAR @ PHI,Rams,Eagles,-2,2.165,,
LAR @ PHI,Rams,Eagles,-1,3.04,,
LAR @ PHI,Rams,Eagles,0,,,0.67000002
LAR @ PHI,Rams,Eagles,1,,3.02,
LAR @ PHI,Rams,Eagles,2,,2.3099999,
LAR @ PHI,Rams,Eagles,3,,7.4349999,
LAR @ PHI,Rams,Eagles,4,,3.0550001,
LAR @ PHI,Rams,Eagles,5,,1.88,
LAR @ PHI,Rams,Eagles,6,,3.7449999,
LAR @ PHI,Rams,Eagles,7,,5.5349998,
LAR @ PHI,Rams,Eagles,8,,2.3,
LAR @ PHI,Rams,Eagles,9,,0.95499998,
LAR @ PHI,Rams,Eagles,10,,3.0650001,
LAR @ PHI,Rams,Eagles,11,,1.595,
LAR @ PHI,Rams,Eagles,12,,0.99000001,
LAR @ PHI,Rams,Eagles,13,,1.75,
LAR @ PHI,Rams,Eagles,14,,2.7850001,
LAR @ PHI,Rams,Eagles,15,,0.98000002,
LAR @ PHI,Rams,Eagles,16,,1.12,
LAR @ PHI,Rams,Eagles,17,,1.975,
LAR @ PHI,Rams,Eagles,18,,1.505,
LAR @ PHI,Rams,Eagles,19,,0.815,
LAR @ PHI,Rams,Eagles,20,,1.05,
LAR @ PHI,Rams,Eagles,21,,1.585,
LAR @ PHI,Rams,Eagles,22,,0.61500001,
LAR @ PHI,Rams,Eagles,23,,0.61500001,
LAR @ PHI,Rams,Eagles,24,,1.1849999,
LAR @ PHI,Rams,Eagles,25,,0.63499999,
LAR @ PHI,Rams,Eagles,26,,0.37,
LAR @ PHI,Rams,Eagles,27,,0.5,
LAR @ PHI,Rams,Eagles,28,,0.66000003,
LAR @ PHI,Rams,Eagles,29,,0.22,
LAR @ PHI,Rams,Eagles,30,,0.25,
LAR @ PHI,Rams,Eagles,31,,0.41499999,
LAR @ PHI,Rams,Eagles,32,,0.19499999,
LAR @ PHI,Rams,Eagles,33,,0.145,
LAR @ PHI,Rams,Eagles,34,,0.185,
LAR @ PHI,Rams,Eagles,35,,0.185,
LAR @ PHI,Rams,Eagles,36,,0.059999999,
LAR @ PHI,Rams,Eagles,37,,0.075000003,
LAR @ PHI,Rams,Eagles,38,,0.13500001,
LAR @ PHI,Rams,Eagles,39,,0.050000001,
LAR @ PHI,Rams,Eagles,40,,0.035,
LAR @ PHI,Rams,Eagles,41,,0.050000001,
LAR @ PHI,Rams,Eagles,42,,0.045000002,
LAR @ PHI,Rams,Eagles,43,,0.015,
LAR @ PHI,Rams,Eagles,44,,0.015,
LAR @ PHI,Rams,Eagles,45,,0.035,
LAR @ PHI,Rams,Eagles,46,,0.0099999998,
LAR @ PHI,Rams,Eagles,47,,0.0049999999,
LAR @ PHI,Rams,Eagles,48,,0.0049999999,
LAR @ PHI,Rams,Eagles,49,,0.0099999998,
LAR @ PHI,Rams,Eagles,50,,0.0049999999,
LAR @ PHI,Rams,Eagles,52,,0.0099999998,
MIA @ MIN,Dolphins,Vikings,-39,0.0049999999,,
MIA @ MIN,Dolphins,Vikings,-38,0.0099999998,,
MIA @ MIN,Dolphins,Vikings,-37,0.0049999999,,
MIA @ MIN,Dolphins,Vikings,-36,0.0049999999,,
MIA @ MIN,Dolphins,Vikings,-35,0.0049999999,,
MIA @ MIN,Dolphins,Vikings,-34,0.0049999999,,
MIA @ MIN,Dolphins,Vikings,-33,0.015,,
MIA @ MIN,Dolphins,Vikings,-32,0.0049999999,,
MIA @ MIN,Dolphins,Vikings,-31,0.025,,
MIA @ MIN,Dolphins,Vikings,-30,0.025,,
MIA @ MIN,Dolphins,Vikings,-29,0.015,,
MIA @ MIN,Dolphins,Vikings,-28,0.064999998,,
MIA @ MIN,Dolphins,Vikings,-27,0.039999999,,
MIA @ MIN,Dolphins,Vikings,-26,0.029999999,,
MIA @ MIN,Dolphins,Vikings,-25,0.094999999,,
MIA @ MIN,Dolphins,Vikings,-24,0.12,,
MIA @ MIN,Dolphins,Vikings,-23,0.085000001,,
MIA @ MIN,Dolphins,Vikings,-22,0.085000001,,
MIA @ MIN,Dolphins,Vikings,-21,0.245,,
MIA @ MIN,Dolphins,Vikings,-20,0.18000001,,
MIA @ MIN,Dolphins,Vikings,-19,0.16,,
MIA @ MIN,Dolphins,Vikings,-18,0.285,,
MIA @ MIN,Dolphins,Vikings,-17,0.405,,
MIA @ MIN,Dolphins,Vikings,-16,0.26499999,,
MIA @ MIN,Dolphins,Vikings,-15,0.25,,
MIA @ MIN,Dolphins,Vikings,-14,0.69499999,,
MIA @ MIN,Dolphins,Vikings,-13,0.505,,
MIA @ MIN,Dolphins,Vikings,-12,0.31,,
MIA @ MIN,Dolphins,Vikings,-11,0.465,,
MIA @ MIN,Dolphins,Vikings,-10,0.95499998,,
MIA @ MIN,Dolphins,Vikings,-9,0.34999999,,
MIA @ MIN,Dolphins,Vikings,-8,0.91500002,,
MIA @ MIN,Dolphins,Vikings,-7,2.2449999,,
MIA @ MIN,Dolphins,Vikings,-6,1.8099999,,
MIA @ MIN,Dolphins,Vikings,-5,0.97500002,,
MIA @ MIN,Dolphins,Vikings,-4,1.64,,
MIA @ MIN,Dolphins,Vikings,-3,4.4200001,,
MIA @ MIN,Dolphins,Vikings,-2,1.605,,
MIA @ MIN,Dolphins,Vikings,-1,2.2,,
MIA @ MIN,Dolphins,Vikings,0,,,0.34
MIA @ MIN,Dolphins,Vikings,1,,2.345,
MIA @ MIN,Dolphins,Vikings,2,,1.965,
MIA @ MIN,Dolphins,Vikings,3,,6.4549999,
MIA @ MIN,Dolphins,Vikings,4,,2.8800001,
MIA @ MIN,Dolphins,Vikings,5,,1.965,
MIA @ MIN,Dolphins,Vikings,6,,4.085,
MIA @ MIN,Dolphins,Vikings,7,,6.1100001,
MIA @ MIN,Dolphins,Vikings,8,,2.9449999,
MIA @ MIN,Dolphins,Vikings,9,,1.3,
MIA @ MIN,Dolphins,Vikings,10,,3.7449999,
MIA @ MIN,Dolphins,Vikings,11,,2.085,
MIA @ MIN,Dolphins,Vikings,12,,1.49,
MIA @ MIN,Dolphins,Vikings,13,,2.5699999,
MIA @ MIN,Dolphins,Vikings,14,,4.04,
MIA @ MIN,Dolphins,Vikings,15,,1.6799999,
MIA @ MIN,Dolphins,Vikings,16,,1.975,
MIA @ MIN,Dolphins,Vikings,17,,3.3050001,
MIA @ MIN,Dolphins,Vikings,18,,2.5899999,
MIA @ MIN,Dolphins,Vikings,19,,1.705,
MIA @ MIN,Dolphins,Vikings,20,,2.0350001,
MIA @ MIN,Dolphins,Vikings,21,,3.145,
MIA @ MIN,Dolphins,Vikings,22,,1.28,
MIA @ MIN,Dolphins,Vikings,23,,1.4299999,
MIA @ MIN,Dolphins,Vikings,24,,2.5650001,
MIA @ MIN,Dolphins,Vikings,25,,1.41,
MIA @ MIN,Dolphins,Vikings,26,,1.01,
MIA @ MIN,Dolphins,Vikings,27,,1.3,
MIA @ MIN,Dolphins,Vikings,28,,1.665,
MIA @ MIN,Dolphins,Vikings,29,,0.64499998,
MIA @ MIN,Dolphins,Vikings,30,,0.74000001,
MIA @ MIN,Dolphins,Vikings,31,,1.2,
MIA @ MIN,Dolphins,Vikings,32,,0.61500001,
MIA @ MIN,Dolphins,Vikings,33,,0.41999999,
MIA @ MIN,Dolphins,Vikings,34,,0.61000001,
MIA @ MIN,Dolphins,Vikings,35,,0.62,
MIA @ MIN,Dolphins,Vikings,36,,0.255,
MIA @ MIN,Dolphins,Vikings,37,,0.31,
MIA @ MIN,Dolphins,Vikings,38,,0.40000001,
MIA @ MIN,Dolphins,Vikings,39,,0.2,
MIA @ MIN,Dolphins,Vikings,40,,0.13,
MIA @ MIN,Dolphins,Vikings,41,,0.22499999,
MIA @ MIN,Dolphins,Vikings,42,,0.175,
MIA @ MIN,Dolphins,Vikings,43,,0.075000003,
MIA @ MIN,Dolphins,Vikings,44,,0.064999998,
MIA @ MIN,Dolphins,Vikings,45,,0.125,
MIA @ MIN,Dolphins,Vikings,46,,0.035,
MIA @ MIN,Dolphins,Vikings,47,,0.029999999,
MIA @ MIN,Dolphins,Vikings,48,,0.050000001,
MIA @ MIN,Dolphins,Vikings,49,,0.035,
MIA @ MIN,Dolphins,Vikings,50,,0.025,
MIA @ MIN,Dolphins,Vikings,51,,0.0099999998,
MIA @ MIN,Dolphins,Vikings,52,,0.02,
MIA @ MIN,Dolphins,Vikings,53,,0.0099999998,
MIA @ MIN,Dolphins,Vikings,54,,0.0049999999,
MIA @ MIN,Dolphins,Vikings,55,,0.0099999998,
MIA @ MIN,Dolphins,Vikings,56,,0.0049999999,
MIA @ MIN,Dolphins,Vikings,57,,0.0099999998,
MIA @ MIN,Dolphins,Vikings,58,,0.0049999999,
MIA @ MIN,Dolphins,Vikings,59,,0.0049999999,
NE @ BUF,Patriots,Bills,-49,0.0049999999,,
NE @ BUF,Patriots,Bills,-46,0.0049999999,,
NE @ BUF,Patriots,Bills,-44,0.0099999998,,
NE @ BUF,Patriots,Bills,-41,0.0099999998,,
NE @ BUF,Patriots,Bills,-39,0.0049999999,,
NE @ BUF,Patriots,Bills,-38,0.015,,
NE @ BUF,Patriots,Bills,-37,0.02,,
NE @ BUF,Patriots,Bills,-35,0.045000002,,
NE @ BUF,Patriots,Bills,-34,0.02,,
NE @ BUF,Patriots,Bills,-33,0.025,,
NE @ BUF,Patriots,Bills,-32,0.025,,
NE @ BUF,Patriots,Bills,-31,0.085000001,,
NE @ BUF,Patriots,Bills,-30,0.059999999,,
NE @ BUF,Patriots,Bills,-29,0.055,,
NE @ BUF,Patriots,Bills,-28,0.13,,
NE @ BUF,Patriots,Bills,-27,0.13,,
NE @ BUF,Patriots,Bills,-26,0.1,,
NE @ BUF,Patriots,Bills,-25,0.15000001,,
NE @ BUF,Patriots,Bills,-24,0.32499999,,
NE @ BUF,Patriots,Bills,-23,0.22499999,,
NE @ BUF,Patriots,Bills,-22,0.185,,
NE @ BUF,Patriots,Bills,-21,0.47499999,,
NE @ BUF,Patriots,Bills,-20,0.38999999,,
NE @ BUF,Patriots,Bills,-19,0.32499999,,
NE @ BUF,Patriots,Bills,-18,0.5,,
NE @ BUF,Patriots,Bills,-17,0.80500001,,
NE @ BUF,Patriots,Bills,-16,0.50999999,,
NE @ BUF,Patriots,Bills,-15,0.38499999,,
NE @ BUF,Patriots,Bills,-14,1.155,,
NE @ BUF,Patriots,Bills,-13,0.89499998,,
NE @ BUF,Patriots,Bills,-12,0.47999999,,
NE @ BUF,Patriots,Bills,-11,0.75,,
NE @ BUF,Patriots,Bills,-10,1.77,,
NE @ BUF,Patriots,Bills,-9,0.65499997,,
NE @ BUF,Patriots,Bills,-8,1.1900001,,
NE @ BUF,Patriots,Bills,-7,3.1500001,,
NE @ BUF,Patriots,Bills,-6,2.7,,
NE @ BUF,Patriots,Bills,-5,1.28,,
NE @ BUF,Patriots,Bills,-4,1.865,,
NE @ BUF,Patriots,Bills,-3,6.5700002,,
NE @ BUF,Patriots,Bills,-2,2.2850001,,
NE @ BUF,Patriots,Bills,-1,2.55,,
NE @ BUF,Patriots,Bills,0,,,0.64499998
NE @ BUF,Patriots,Bills,1,,3.02,
NE @ BUF,Patriots,Bills,2,,1.765,
NE @ BUF,Patriots,Bills,3,,6.2399998,
NE @ BUF,Patriots,Bills,4,,3.5699999,
NE @ BUF,Patriots,Bills,5,,1.985,
NE @ BUF,Patriots,Bills,6,,3.595,
NE @ BUF,Patriots,Bills,7,,6.3299999,
NE @ BUF,Patriots,Bills,8,,2.9749999,
NE @ BUF,Patriots,Bills,9,,0.89499998,
NE @ BUF,Patriots,Bills,10,,3.1600001,
NE @ BUF,Patriots,Bills,11,,2.095,
NE @ BUF,Patriots,Bills,12,,1.23,
NE @ BUF,Patriots,Bills,13,,1.8099999,
NE @ BUF,Patriots,Bills,14,,3.9449999,
NE @ BUF,Patriots,Bills,15,,1.4400001,
NE @ BUF,Patriots,Bills,16,,1.265,
NE @ BUF,Patriots,Bills,17,,2.4349999,
NE @ BUF,Patriots,Bills,18,,2.24,
NE @ BUF,Patriots,Bills,19,,1.1950001,
NE @ BUF,Patriots,Bills,20,,1.25,
NE @ BUF,Patriots,Bills,21,,2.6900001,
NE @ BUF,Patriots,Bills,22,,0.95499998,
NE @ BUF,Patriots,Bills,23,,0.83499998,
NE @ BUF,Patriots,Bills,24,,1.84,
NE @ BUF,Patriots,Bills,25,,1.1900001,
NE @ BUF,Patriots,Bills,26,,0.60000002,
NE @ BUF,Patriots,Bills,27,,0.75999999,
NE @ BUF,Patriots,Bills,28,,1.29,
NE @ BUF,Patriots,Bills,29,,0.41499999,
NE @ BUF,Patriots,Bills,30,,0.375,
NE @ BUF,Patriots,Bills,31,,0.815,
NE @ BUF,Patriots,Bills,32,,0.44499999,
NE @ BUF,Patriots,Bills,33,,0.255,
NE @ BUF,Patriots,Bills,34,,0.26499999,
NE @ BUF,Patriots,Bills,35,,0.48500001,
NE @ BUF,Patriots,Bills,36,,0.17,
NE @ BUF,Patriots,Bills,37,,0.125,
NE @ BUF,Patriots,Bills,38,,0.29499999,
NE @ BUF,Patriots,Bills,39,,0.16500001,
NE @ BUF,Patriots,Bills,40,,0.079999998,
NE @ BUF,Patriots,Bills,41,,0.11,
NE @ BUF,Patriots,Bills,42,,0.125,
NE @ BUF,Patriots,Bills,43,,0.045000002,
NE @ BUF,Patriots,Bills,44,,0.039999999,
NE @ BUF,Patriots,Bills,45,,0.064999998,
NE @ BUF,Patriots,Bills,46,,0.029999999,
NE @ BUF,Patriots,Bills,47,,0.015,
NE @ BUF,Patriots,Bills,48,,0.025,
NE @ BUF,Patriots,Bills,49,,0.025,
NE @ BUF,Patriots,Bills,50,,0.015,
NE @ BUF,Patriots,Bills,51,,0.0049999999,
NE @ BUF,Patriots,Bills,52,,0.015,
NE @ BUF,Patriots,Bills,53,,0.0049999999,
NE @ BUF,Patriots,Bills,55,,0.0099999998,
NE @ BUF,Patriots,Bills,56,,0.0049999999,
NE @ BUF,Patriots,Bills,57,,0.0049999999,
NE @ BUF,Patriots,Bills,59,,0.0099999998,
NYJ @ CHI,Jets,Bears,-46,0.0049999999,,
NYJ @ CHI,Jets,Bears,-45,0.0049999999,,
NYJ @ CHI,Jets,Bears,-43,0.0049999999,,
NYJ @ CHI,Jets,Bears,-42,0.0049999999,,
NYJ @ CHI,Jets,Bears,-41,0.0099999998,,
NYJ @ CHI,Jets,Bears,-40,0.0099999998,,
NYJ @ CHI,Jets,Bears,-39,0.015,,
NYJ @ CHI,Jets,Bears,-38,0.015,,
NYJ @ CHI,Jets,Bears,-37,0.02,,
NYJ @ CHI,Jets,Bears,-36,0.0049999999,,
NYJ @ CHI,Jets,Bears,-35,0.045000002,,
NYJ @ CHI,Jets,Bears,-34,0.055,,
NYJ @ CHI,Jets,Bears,-33,0.02,,
NYJ @ CHI,Jets,Bears,-32,0.045000002,,
NYJ @ CHI,Jets,Bears,-31,0.125,,
NYJ @ CHI,Jets,Bears,-30,0.07,,
NYJ @ CHI,Jets,Bears,-29,0.064999998,,
NYJ @ CHI,Jets,Bears,-28,0.205,,
NYJ @ CHI,Jets,Bears,-27,0.155,,
NYJ @ CHI,Jets,Bears,-26,0.155,,
NYJ @ CHI,Jets,Bears,-25,0.23,,
NYJ @ CHI,Jets,Bears,-24,0.44999999,,
NYJ @ CHI,Jets,Bears,-23,0.25999999,,
NYJ @ CHI,Jets,Bears,-22,0.23999999,,
NYJ @ CHI,Jets,Bears,-21,0.69999999,,
NYJ @ CHI,Jets,Bears,-20,0.47999999,,
NYJ @ CHI,Jets,Bears,-19,0.45500001,,
NYJ @ CHI,Jets,Bears,-18,0.69499999,,
NYJ @ CHI,Jets,Bears,-17,1.02,,
NYJ @ CHI,Jets,Bears,-16,0.69999999,,
NYJ @ CHI,Jets,Bears,-15,0.52999997,,
NYJ @ CHI,Jets,Bears,-14,1.525,,
NYJ @ CHI,Jets,Bears,-13,1.105,,
NYJ @ CHI,Jets,Bears,-12,0.66000003,,
NYJ @ CHI,Jets,Bears,-11,0.97500002,,
NYJ @ CHI,Jets,Bears,-10,2.0250001,,
NYJ @ CHI,Jets,Bears,-9,0.75,,
NYJ @ CHI,Jets,Bears,-8,1.625,,
NYJ @ CHI,Jets,Bears,-7,3.9200001,,
NYJ @ CHI,Jets,Bears,-6,3.1400001,,
NYJ @ CHI,Jets,Bears,-5,1.575,,
NYJ @ CHI,Jets,Bears,-4,2.46,,
NYJ @ CHI,Jets,Bears,-3,6.9099998,,
NYJ @ CHI,Jets,Bears,-2,2.395,,
NYJ @ CHI,Jets,Bears,-1,2.8800001,,
NYJ @ CHI,Jets,Bears,0,,,0.505
NYJ @ CHI,Jets,Bears,1,,3.1800001,
NYJ @ CHI,Jets,Bears,2,,2.1800001,
NYJ @ CHI,Jets,Bears,3,,7.25,
NYJ @ CHI,Jets,Bears,4,,3.3499999,
NYJ @ CHI,Jets,Bears,5,,2.085,
NYJ @ CHI,Jets,Bears,6,,3.9400001,
NYJ @ CHI,Jets,Bears,7,,5.9349999,
NYJ @ CHI,Jets,Bears,8,,2.7349999,
NYJ @ CHI,Jets,Bears,9,,0.97000003,
NYJ @ CHI,Jets,Bears,10,,3.135,
NYJ @ CHI,Jets,Bears,11,,1.71,
NYJ @ CHI,Jets,Bears,12,,1.17,
NYJ @ CHI,Jets,Bears,13,,1.955,
NYJ @ CHI,Jets,Bears,14,,3.0799999,
NYJ @ CHI,Jets,Bears,15,,1.255,
NYJ @ CHI,Jets,Bears,16,,1.265,
NYJ @ CHI,Jets,Bears,17,,2.1849999,
NYJ @ CHI,Jets,Bears,18,,1.73,
NYJ @ CHI,Jets,Bears,19,,0.94999999,
NYJ @ CHI,Jets,Bears,20,,1.1799999,
NYJ @ CHI,Jets,Bears,21,,1.88,
NYJ @ CHI,Jets,Bears,22,,0.70499998,
NYJ @ CHI,Jets,Bears,23,,0.69,
NYJ @ CHI,Jets,Bears,24,,1.3049999,
NYJ @ CHI,Jets,Bears,25,,0.73000002,
NYJ @ CHI,Jets,Bears,26,,0.465,
NYJ @ CHI,Jets,Bears,27,,0.55500001,
NYJ @ CHI,Jets,Bears,28,,0.75,
NYJ @ CHI,Jets,Bears,29,,0.28999999,
NYJ @ CHI,Jets,Bears,30,,0.25,
NYJ @ CHI,Jets,Bears,31,,0.49000001,
NYJ @ CHI,Jets,Bears,32,,0.23999999,
NYJ @ CHI,Jets,Bears,33,,0.16,
NYJ @ CHI,Jets,Bears,34,,0.19,
NYJ @ CHI,Jets,Bears,35,,0.22499999,
NYJ @ CHI,Jets,Bears,36,,0.064999998,
NYJ @ CHI,Jets,Bears,37,,0.085000001,
NYJ @ CHI,Jets,Bears,38,,0.13500001,
NYJ @ CHI,Jets,Bears,39,,0.064999998,
NYJ @ CHI,Jets,Bears,40,,0.035,
NYJ @ CHI,Jets,Bears,41,,0.045000002,
NYJ @ CHI,Jets,Bears,42,,0.055,
NYJ @ CHI,Jets,Bears,43,,0.0099999998,
NYJ @ CHI,Jets,Bears,44,,0.02,
NYJ @ CHI,Jets,Bears,45,,0.02,
NYJ @ CHI,Jets,Bears,46,,0.015,
NYJ @ CHI,Jets,Bears,48,,0.015,
NYJ @ CHI,Jets,Bears,49,,0.0049999999,
NYJ @ CHI,Jets,Bears,50,,0.0049999999,
NYJ @ CHI,Jets,Bears,52,,0.0049999999,
NYJ @ CHI,Jets,Bears,53,,0.0049999999,
NYJ @ CHI,Jets,Bears,55,,0.0049999999,
TEN @ BAL,Titans,Ravens,-38,0.0099999998,,
TEN @ BAL,Titans,Ravens,-36,0.0049999999,,
TEN @ BAL,Titans,Ravens,-35,0.0099999998,,
TEN @ BAL,Titans,Ravens,-33,0.0049999999,,
TEN @ BAL,Titans,Ravens,-32,0.0099999998,,
TEN @ BAL,Titans,Ravens,-31,0.015,,
TEN @ BAL,Titans,Ravens,-30,0.02,,
TEN @ BAL,Titans,Ravens,-29,0.0099999998,,
TEN @ BAL,Titans,Ravens,-28,0.045000002,,
TEN @ BAL,Titans,Ravens,-27,0.029999999,,
TEN @ BAL,Titans,Ravens,-26,0.025,,
TEN @ BAL,Titans,Ravens,-25,0.050000001,,
TEN @ BAL,Titans,Ravens,-24,0.085000001,,
TEN @ BAL,Titans,Ravens,-23,0.079999998,,
TEN @ BAL,Titans,Ravens,-22,0.045000002,,
TEN @ BAL,Titans,Ravens,-21,0.18000001,,
TEN @ BAL,Titans,Ravens,-20,0.12,,
TEN @ BAL,Titans,Ravens,-19,0.14,,
TEN @ BAL,Titans,Ravens,-18,0.2,,
TEN @ BAL,Titans,Ravens,-17,0.315,,
TEN @ BAL,Titans,Ravens,-16,0.20999999,,
TEN @ BAL,Titans,Ravens,-15,0.18000001,,
TEN @ BAL,Titans,Ravens,-14,0.49000001,,
TEN @ BAL,Titans,Ravens,-13,0.405,,
TEN @ BAL,Titans,Ravens,-12,0.25,,
TEN @ BAL,Titans,Ravens,-11,0.34999999,,
TEN @ BAL,Titans,Ravens,-10,0.83499998,,
TEN @ BAL,Titans,Ravens,-9,0.34,,
TEN @ BAL,Titans,Ravens,-8,0.64499998,,
TEN @ BAL,Titans,Ravens,-7,1.705,,
TEN @ BAL,Titans,Ravens,-6,1.6,,
TEN @ BAL,Titans,Ravens,-5,0.81,,
TEN @ BAL,Titans,Ravens,-4,1.2,,
TEN @ BAL,Titans,Ravens,-3,4.1300001,,
TEN @ BAL,Titans,Ravens,-2,1.625,,
TEN @ BAL,Titans,Ravens,-1,1.865,,
TEN @ BAL,Titans,Ravens,0,,,0.36500001
TEN @ BAL,Titans,Ravens,1,,2.1849999,
TEN @ BAL,Titans,Ravens,2,,1.49,
TEN @ BAL,Titans,Ravens,3,,5.2800002,
TEN @ BAL,Titans,Ravens,4,,2.9300001,
TEN @ BAL,Titans,Ravens,5,,1.84,
TEN @ BAL,Titans,Ravens,6,,3.4549999,
TEN @ BAL,Titans,Ravens,7,,6.0650001,
TEN @ BAL,Titans,Ravens,8,,3.0699999,
TEN @ BAL,Titans,Ravens,9,,1.035,
TEN @ BAL,Titans,Ravens,10,,3.4000001,
TEN @ BAL,Titans,Ravens,11,,2.175,
TEN @ BAL,Titans,Ravens,12,,1.52,
TEN @ BAL,Titans,Ravens,13,,2.2950001,
TEN @ BAL,Titans,Ravens,14,,4.5,
TEN @ BAL,Titans,Ravens,15,,1.84,
TEN @ BAL,Titans,Ravens,16,,1.83,
TEN @ BAL,Titans,Ravens,17,,3.28,
TEN @ BAL,Titans,Ravens,18,,3.0350001,
TEN @ BAL,Titans,Ravens,19,,1.7,
TEN @ BAL,Titans,Ravens,20,,2,
TEN @ BAL,Titans,Ravens,21,,3.825,
TEN @ BAL,Titans,Ravens,22,,1.53,
TEN @ BAL,Titans,Ravens,23,,1.46,
TEN @ BAL,Titans,Ravens,24,,2.9200001,
TEN @ BAL,Titans,Ravens,25,,1.905,
TEN @ BAL,Titans,Ravens,26,,1.16,
TEN @ BAL,Titans,Ravens,27,,1.405,
TEN @ BAL,Titans,Ravens,28,,2.3299999,
TEN @ BAL,Titans,Ravens,29,,0.86500001,
TEN @ BAL,Titans,Ravens,30,,0.83999997,
TEN @ BAL,Titans,Ravens,31,,1.58,
TEN @ BAL,Titans,Ravens,32,,0.95499998,
TEN @ BAL,Titans,Ravens,33,,0.51999998,
TEN @ BAL,Titans,Ravens,34,,0.72000003,
TEN @ BAL,Titans,Ravens,35,,1.03,
TEN @ BAL,Titans,Ravens,36,,0.36500001,
TEN @ BAL,Titans,Ravens,37,,0.405,
TEN @ BAL,Titans,Ravens,38,,0.66000003,
TEN @ BAL,Titans,Ravens,39,,0.36500001,
TEN @ BAL,Titans,Ravens,40,,0.18000001,
TEN @ BAL,Titans,Ravens,41,,0.31999999,
TEN @ BAL,Titans,Ravens,42,,0.34,
TEN @ BAL,Titans,Ravens,43,,0.125,
TEN @ BAL,Titans,Ravens,44,,0.13500001,
TEN @ BAL,Titans,Ravens,45,,0.19499999,
TEN @ BAL,Titans,Ravens,46,,0.12,
TEN @ BAL,Titans,Ravens,47,,0.035,
TEN @ BAL,Titans,Ravens,48,,0.075000003,
TEN @ BAL,Titans,Ravens,49,,0.075000003,
TEN @ BAL,Titans,Ravens,50,,0.050000001,
TEN @ BAL,Titans,Ravens,51,,0.02,
TEN @ BAL,Titans,Ravens,52,,0.039999999,
TEN @ BAL,Titans,Ravens,53,,0.029999999,
TEN @ BAL,Titans,Ravens,54,,0.0099999998,
TEN @ BAL,Titans,Ravens,55,,0.025,
TEN @ BAL,Titans,Ravens,56,,0.02,
TEN @ BAL,Titans,Ravens,57,,0.0099999998,
TEN @ BAL,Titans,Ravens,59,,0.015,
TEN @ BAL,Titans,Ravens,62,,0.0099999998,
