nickname,made_playoffs_unconditional,made_playoffs_win,made_playoffs_loss,home_conference
Bills,92.4,96.3,85.4,AFC
Chiefs,90.3,94.4,82.5,AFC
Ravens,78.5,81.9,63.6,AFC
Jaguars,76.3,85,67.2,AFC
Broncos,72,82,65.4,AFC
Bengals,63.1,75.3,51.4,AFC
Patriots,53.9,71.3,44.4,AFC
Texans,36.7,43.9,23.7,AFC
Steelers,34.6,46.9,22.6,AFC
Raiders,34,51.2,25,AFC
Colts,27.1,34.4,17.7,AFC
Browns,24.7,34.9,14.2,AFC
Jets,8.9,13.9,5.6,AFC
Chargers,4,8.2,2.8,AFC
Titans,2,5.3,1.3,AFC
Dolphins,1.4,3.4,0.8,AFC
49ers,89.2,93.2,83.2,NFC
Seahawks,83.9,87,73,NFC
Vikings,77.2,81.2,63,NFC
Lions,71.6,79.1,58.9,NFC
Eagles,63.6,73.3,50.9,NFC
Saints,47.8,61.5,29.5,NFC
Rams,44.2,58.7,33.3,NFC
Falcons,39,56.9,25.8,NFC
Bears,39,46.2,28.2,NFC
Packers,33.3,41.6,21.3,NFC
Cowboys,28.8,39.9,22.7,NFC
Giants,25.9,34.5,16,NFC
Commanders,18,25.6,11.9,NFC
Panthers,16.3,24.6,11.4,NFC
Buccaneers,14.8,21.9,9.9,NFC
Cardinals,7.3,11.7,3.6,NFC
