nickname,net_rating,off_rating,off_rank,def_rating,def_rank,elo,qb_rating,qb_category
Bills,6.108208707475956,27.60765739426132,1,21.49944868678536,7,1633.119046867705,Allen (91.7),Plus
Seahawks,5.849839885171075,24.55087373217938,10,18.7010338470083,1,1629.616064244525,Darnold (85.7),
49ers,5.263764063427178,27.32885713924203,2,22.06509307581485,10,1614.318924730438,Purdy (100.7),Plus
Chiefs,5.07637785727912,26.44460846525203,3,21.36823060797292,6,1610.703614895918,Mahomes (88.7),
Jaguars,4.058636371267049,25.97087130128826,5,21.91223493002121,9,1588.264034784799,Lawrence (89.9),
Ravens,3.898985903164146,25.97269015571378,4,22.07370425254963,11,1584.721837961164,Jackson (95.4),Plus
Broncos,3.411848853399203,24.05779701086474,11,20.64594815746554,3,1574.79343226115,Nix (82.7),
Rams,2.527650196747082,25.39652157597557,7,22.86887137922848,13,1554.755200987184,Stafford (87.5),
Lions,2.457844366946155,25.64579639348076,6,23.18795202653461,17,1553.150077829644,Goff (85.4),
Patriots,2.376969132225287,23.54399305689603,12,21.16702392467074,5,1552.018013172586,Maye (86.5),
Texans,2.252365030736318,22.75980049018335,17,20.50743545944703,2,1549.492949559776,Stroud (78.4),
Bengals,1.434162400400748,25.07181329649433,8,23.63765089609359,20,1530.990378217338,Burrow (87.7),
Eagles,1.314060203174083,22.91398542242608,16,21.59992521925199,8,1528.741865026079,Hurts (84.1),
Vikings,0.7772242294173388,21.75419333015974,23,20.9769691007424,4,1517.083739776133,Murray (74.7),
Falcons,-0.1778442205449906,23.02404787995091,15,23.2018921004959,18,1496.131361816461,Penix (80.2),
Packers,-0.7521429884101707,23.45965879063237,13,24.21180177904254,24,1483.704898731723,Love (88.2),
Colts,-0.9745299830872902,23.13930908118525,14,24.11383906427254,23,1478.858968491011,Jones (82.6),
Cowboys,-1.041040045784282,24.80668745170049,9,25.84772749748478,32,1477.636485739347,Prescott (91.0),Plus
Raiders,-1.054456220676229,21.77063092487112,22,22.82508714554735,12,1476.945882862188,Cousins (80.1),
Chargers,-1.134387716140079,21.78874498346026,21,22.92313269960034,15,1475.205513468701,Herbert (78.9),
Steelers,-1.311236770824443,21.8477562186276,20,23.15899298945204,16,1471.361341016291,Rodgers (73.6),
Saints,-2.172965138702036,21.4996645487592,24,23.67262968746124,21,1452.523206103434,Shough (80.6),
Commanders,-2.811467226284506,21.95557896912354,19,24.76704619540805,28,1438.79626980572,Daniels (84.1),
Cardinals,-2.823970648884455,22.19113503383456,18,25.01510568271901,30,1438.609675120103,Brissett (80.0),
Giants,-3.084796505611095,21.38922554095321,25,24.4740220465643,26,1432.646507633725,Winston (75.1),
Bears,-3.134647169236999,21.11544681051909,27,24.25009397975609,25,1431.45201563704,Keenum (66.6),Minus
Panthers,-3.588931972803366,21.31395798420168,26,24.90288995700505,29,1421.646763177828,Young (81.9),
Browns,-3.718762018376427,19.19541131658276,31,22.91417333495919,14,1417.798953026997,Watson (73.0),
Jets,-3.917364357263331,19.68350307586645,29,23.60086743312979,19,1413.673241673815,Smith (74.5),
Buccaneers,-4.798493596459796,19.03368365227307,32,23.83217724873286,22,1393.892975591114,Daniels (60.6),Minus
Dolphins,-5.026158838647071,20.02979345162731,28,25.05595229027438,31,1389.520423490947,Willis (78.3),
Titans,-5.284741783094134,19.2876121586041,30,24.57235394169824,27,1383.324918051352,Ward (72.5),
