nickname,home_conference,slot_1,slot_2,slot_3,slot_4,slot_5,slot_6,slot_7,no_playoffs
Bills,AFC,32.510002,21.189999,16.08,9.6900005,5.645,4.3049998,3.395,7.1850023
Chiefs,AFC,25.125,18.440001,13.265,6.5800004,14.205,7.9650002,5.0299997,9.3899918
Ravens,AFC,11.625,15.080001,14.07,9.875,8.8950005,9.6100006,8.1999998,22.645004
Broncos,AFC,9.7049999,8.1599998,6.7450004,3.4299998,22.130001,12.684999,9.6150007,27.529993
Jaguars,AFC,7.7049999,13.785,17.165001,25.044998,2.8499999,4.8050003,5.4450002,23.200008
Bengals,AFC,5.7599998,8.3649998,8.4650002,6.3299999,10.75,11.75,10.445001,38.134998
Patriots,AFC,3.1399999,4.25,5.75,5.4450002,11.58,11.335,10.809999,47.689999
Raiders,AFC,1.65,1.88,2.3499999,2.0350001,7.2849998,8.8200006,9.375,66.604996
Browns,AFC,1.22,2.97,4.3200002,4.5149999,6.0300002,9.1099997,10.175,61.660004
Steelers,AFC,0.565,1.64,2.54,2.6599998,3.74,6.3800001,8.2150002,74.26001
Texans,AFC,0.51499999,2.335,4.96,12.620001,2.665,5.2849998,7.355,64.264992
Colts,AFC,0.36500001,1.49,3.3599999,9.7799997,2.0450001,4.0700002,6.1099997,72.779999
Jets,AFC,0.079999998,0.23,0.53500003,0.75999999,1.415,2.3399999,3.2249999,91.414993
Chargers,AFC,0.025,0.105,0.22499999,0.28,0.565,1,1.5,96.300003
Titans,AFC,0.0099999998,0.050000001,0.1,0.71499997,0.12,0.27500001,0.51499999,98.214996
Dolphins,AFC,0,0.030000001,0.07,0.24000001,0.079999998,0.26499999,0.59000003,98.724998
49ers,NFC,33.82,13.005,4.6349998,1.1950001,20.76,10.12,5.9300003,10.535004
Seahawks,NFC,21.304998,12.095,4.71,1.0649999,24.195,12.485,8.5450001,15.600002
Vikings,NFC,14.139999,18.025,7.1599998,2.4300001,11.74,13.025001,10.385,23.095003
Lions,NFC,12.27,17.83,6.5,1.9549999,11.514999,12.36,10.105,27.464998
Eagles,NFC,5.7399998,10.625,23.275,15.710001,1.605,3.0549998,4.395,35.595001
Rams,NFC,3.2900002,2.825,1.25,0.40000001,11.389999,13.005,12.24,55.600006
Bears,NFC,2.2549999,5.4200001,2.4250002,0.71499997,6.7400002,9.9049997,11.46,61.080009
Falcons,NFC,1.7449999,4.2249999,9.2699995,18.02,0.91500002,2.4250002,3.6100001,59.790005
Saints,NFC,1.7,4.5299997,13.595,22.904999,0.61000001,1.67,3.0549998,51.934994
Packers,NFC,1.265,3.9949999,2.5250001,1.09,4.8899999,9.0050001,10.605,66.624992
Cowboys,NFC,1.085,2.6000001,8.2550001,7.6300001,1.545,3.655,5.3449998,69.884995
Giants,NFC,0.68000001,2.155,6.6399999,6.5099998,1.22,2.595,4.3400002,75.860001
Commanders,NFC,0.35499999,1.23,4.0900002,3.4200001,1.1950001,2.7049999,3.7950001,83.209999
Panthers,NFC,0.17999999,0.79500008,3,8.5649996,0.33499998,0.86500001,1.625,84.635002
Cardinals,NFC,0.1,0.145,0.12,0.039999999,1.105,2.4949999,3.2049999,92.789993
Buccaneers,NFC,0.07,0.5,2.55,8.3499994,0.24000001,0.63,1.36,86.300011
