nickname,home_sb_fran_id,season_total,wins_pct,losses_pct,ties_pct
49ers,SF,17,0.335,0,0
49ers,SF,16,2.21,0,0
49ers,SF,15,6.460000000000001,0,0
49ers,SF,14,12.91,0,0
49ers,SF,13,18.11,0.04,0
49ers,SF,12,18.75,0.18,0
49ers,SF,11,16.27,0.41,0
49ers,SF,10,11.775,1.615,0
49ers,SF,9,7.07,3.415,0
49ers,SF,8,3.675,6.84,0
49ers,SF,7,1.72,11.43,0
49ers,SF,6,0.485,15.94,0
49ers,SF,5,0.18,18.655,0
49ers,SF,4,0.05,18.375,0
49ers,SF,3,0,13.485,0.005
49ers,SF,2,0,6.84,0.235
49ers,SF,1,0,2.405,6.83
49ers,SF,0,0,0.37,92.93
Bears,CHI,17,0,0,0
Bears,CHI,16,0.005,0,0
Bears,CHI,15,0.095,0.05,0
Bears,CHI,14,0.6649999999999999,0.505,0
Bears,CHI,13,2.385,1.745,0
Bears,CHI,12,5.725000000000001,4.095,0
Bears,CHI,11,10.255,8.17,0
Bears,CHI,10,15.51,14.36,0
Bears,CHI,9,17.775,17.29,0
Bears,CHI,8,17.51,17.855,0
Bears,CHI,7,14.645,15.77,0
Bears,CHI,6,8.64,10.63,0
Bears,CHI,5,4.345000000000001,6.15,0
Bears,CHI,4,1.855,2.52,0
Bears,CHI,3,0.525,0.755,0.005
Bears,CHI,2,0.065,0.1,0.31
Bears,CHI,1,0,0.005,6.645
Bears,CHI,0,0,0,93.04
Bengals,CIN,17,0,0,0
Bengals,CIN,16,0.11,0,0
Bengals,CIN,15,0.91,0.005,0
Bengals,CIN,14,3.22,0.09,0
Bengals,CIN,13,7.46,0.38,0
Bengals,CIN,12,12.81,1.4,0
Bengals,CIN,11,16.77,3.505,0
Bengals,CIN,10,18,6.975000000000001,0
Bengals,CIN,9,16.115,11.13,0
Bengals,CIN,8,11.54,15.885,0
Bengals,CIN,7,7.32,18.095,0
Bengals,CIN,6,3.705,17.005,0
Bengals,CIN,5,1.525,13.19,0
Bengals,CIN,4,0.41,7.73,0
Bengals,CIN,3,0.095,3.475000000000001,0.01
Bengals,CIN,2,0.01,0.995,0.18
Bengals,CIN,1,0,0.14,6.805
Bengals,CIN,0,0,0,93.005
Bills,BUF,17,0.425,0,0
Bills,BUF,16,2.555,0,0
Bills,BUF,15,7.48,0,0
Bills,BUF,14,14.015,0,0
Bills,BUF,13,18.845,0.005,0
Bills,BUF,12,19.01,0.09,0
Bills,BUF,11,15.73,0.255,0
Bills,BUF,10,11.21,1.08,0
Bills,BUF,9,6.29,2.625,0
Bills,BUF,8,2.86,5.975,0
Bills,BUF,7,1.18,10.685,0
Bills,BUF,6,0.295,15.345,0
Bills,BUF,5,0.095,18.9,0
Bills,BUF,4,0.01,19.225,0
Bills,BUF,3,0,14.575,0.01
Bills,BUF,2,0,7.945,0.34
Bills,BUF,1,0,2.83,7.62
Bills,BUF,0,0,0.465,92.03
Broncos,DEN,17,0,0,0
Broncos,DEN,16,0.275,0,0
Broncos,DEN,15,1.525,0,0
Broncos,DEN,14,4.545,0.06,0
Broncos,DEN,13,10.08,0.25,0
Broncos,DEN,12,15.055,0.885,0
Broncos,DEN,11,17.675,2.655,0
Broncos,DEN,10,17.455,5.105,0
Broncos,DEN,9,14.135,9.39,0
Broncos,DEN,8,9.81,13.8,0
Broncos,DEN,7,5.37,17.355,0
Broncos,DEN,6,2.73,17.765,0
Broncos,DEN,5,1.01,15.525,0
Broncos,DEN,4,0.27,10.395,0
Broncos,DEN,3,0.065,4.859999999999999,0
Broncos,DEN,2,0,1.66,0.21
Broncos,DEN,1,0,0.295,6.660000000000001
Broncos,DEN,0,0,0,93.13
Browns,CLE,17,0,0,0
Browns,CLE,16,0.005,0,0
Browns,CLE,15,0.05,0.17,0
Browns,CLE,14,0.395,1.34,0
Browns,CLE,13,1.335,4.08,0
Browns,CLE,12,3.125,8.405,0
Browns,CLE,11,6.25,13.24,0
Browns,CLE,10,11.09,16.965,0
Browns,CLE,9,14.435,17.935,0
Browns,CLE,8,17.84,14.83,0
Browns,CLE,7,17.115,11.26,0
Browns,CLE,6,13.69,6.525,0
Browns,CLE,5,8.7,3.365,0
Browns,CLE,4,4.335,1.39,0
Browns,CLE,3,1.445,0.43,0.005
Browns,CLE,2,0.19,0.06,0.18
Browns,CLE,1,0,0.005,6.3
Browns,CLE,0,0,0,93.515
Buccaneers,TB,17,0,0.17,0
Buccaneers,TB,16,0,1.175,0
Buccaneers,TB,15,0,3.535,0
Buccaneers,TB,14,0.01,7.414999999999999,0
Buccaneers,TB,13,0.08,12.59,0
Buccaneers,TB,12,0.395,16.895,0
Buccaneers,TB,11,1.265,17.35,0
Buccaneers,TB,10,3.695,15.935,0
Buccaneers,TB,9,7.140000000000001,11.72,0
Buccaneers,TB,8,11.38,7.385,0
Buccaneers,TB,7,15.71,3.935,0
Buccaneers,TB,6,17.21,1.355,0
Buccaneers,TB,5,17.245,0.45,0
Buccaneers,TB,4,13.065,0.08,0
Buccaneers,TB,3,7.720000000000001,0.01,0
Buccaneers,TB,2,3.65,0,0.2
Buccaneers,TB,1,1.255,0,6.115
Buccaneers,TB,0,0.18,0,93.685
Cardinals,ARI,17,0,0,0
Cardinals,ARI,16,0,0.34,0
Cardinals,ARI,15,0,2.15,0
Cardinals,ARI,14,0.015,6.465,0
Cardinals,ARI,13,0.095,12.225,0
Cardinals,ARI,12,0.445,17.28,0
Cardinals,ARI,11,1.405,18.355,0
Cardinals,ARI,10,3.86,16.905,0
Cardinals,ARI,9,7.385,12.295,0
Cardinals,ARI,8,11.89,7.81,0
Cardinals,ARI,7,16.77,4.045,0
Cardinals,ARI,6,18.51,1.51,0
Cardinals,ARI,5,17.485,0.4950000000000001,0
Cardinals,ARI,4,12.675,0.11,0
Cardinals,ARI,3,6.800000000000001,0.015,0.015
Cardinals,ARI,2,2.3,0,0.2
Cardinals,ARI,1,0.365,0,6.279999999999999
Cardinals,ARI,0,0,0,93.505
Chargers,LAC,17,0,0.53,0
Chargers,LAC,16,0,2.775,0
Chargers,LAC,15,0,7.074999999999999,0
Chargers,LAC,14,0,12.675,0
Chargers,LAC,13,0.025,17.34,0
Chargers,LAC,12,0.115,18.595,0
Chargers,LAC,11,0.5599999999999999,16.115,0
Chargers,LAC,10,1.55,11.54,0
Chargers,LAC,9,3.415,7.37,0
Chargers,LAC,8,7.085,3.58,0
Chargers,LAC,7,11.125,1.675,0
Chargers,LAC,6,16.045,0.5700000000000001,0
Chargers,LAC,5,18.625,0.13,0
Chargers,LAC,4,17.43,0.03,0
Chargers,LAC,3,13.175,0,0
Chargers,LAC,2,7.32,0,0.175
Chargers,LAC,1,2.935,0,5.685
Chargers,LAC,0,0.5950000000000001,0,94.14
Chiefs,KC,17,0.21,0,0
Chiefs,KC,16,1.68,0,0
Chiefs,KC,15,5.435,0,0
Chiefs,KC,14,12.355,0,0
Chiefs,KC,13,17.45,0.005,0
Chiefs,KC,12,19.43,0.085,0
Chiefs,KC,11,17.32,0.475,0
Chiefs,KC,10,12.645,1.4,0
Chiefs,KC,9,7.775,3.32,0
Chiefs,KC,8,3.56,7.524999999999999,0
Chiefs,KC,7,1.525,12.21,0
Chiefs,KC,6,0.525,17.065,0
Chiefs,KC,5,0.08,19.495,0
Chiefs,KC,4,0.01,17.9,0
Chiefs,KC,3,0,12.67,0.005
Chiefs,KC,2,0,5.82,0.225
Chiefs,KC,1,0,1.805,6.11
Chiefs,KC,0,0,0.225,93.66
Colts,IND,17,0,0,0
Colts,IND,16,0,0.055,0
Colts,IND,15,0.02,0.4,0
Colts,IND,14,0.21,1.55,0
Colts,IND,13,0.96,4.095,0
Colts,IND,12,2.825,8.425,0
Colts,IND,11,6.069999999999999,12.83,0
Colts,IND,10,11.075,16.81,0
Colts,IND,9,15.43,17.925,0
Colts,IND,8,17.905,15.835,0
Colts,IND,7,17.085,11.385,0
Colts,IND,6,13.245,6.444999999999999,0
Colts,IND,5,8.685,2.97,0
Colts,IND,4,4.365,1.015,0
Colts,IND,3,1.63,0.24,0.01
Colts,IND,2,0.4349999999999999,0.02,0.255
Colts,IND,1,0.06,0,6.254999999999999
Colts,IND,0,0,0,93.48
Commanders,WAS,17,0,0,0
Commanders,WAS,16,0,0.155,0
Commanders,WAS,15,0.005,1.01,0
Commanders,WAS,14,0.085,3.51,0
Commanders,WAS,13,0.335,7.35,0
Commanders,WAS,12,1.33,12.16,0
Commanders,WAS,11,3.67,16.225,0
Commanders,WAS,10,7.005,17.68,0
Commanders,WAS,9,12.01,16.39,0
Commanders,WAS,8,16.05,12.35,0
Commanders,WAS,7,17.82,7.295,0
Commanders,WAS,6,16.595,3.97,0
Commanders,WAS,5,12.47,1.435,0
Commanders,WAS,4,7.625,0.37,0
Commanders,WAS,3,3.725,0.095,0.005
Commanders,WAS,2,1.095,0.005,0.25
Commanders,WAS,1,0.18,0,6.63
Commanders,WAS,0,0,0,93.115
Cowboys,DAL,17,0,0,0
Cowboys,DAL,16,0,0.055,0
Cowboys,DAL,15,0.01,0.425,0
Cowboys,DAL,14,0.14,1.535,0
Cowboys,DAL,13,0.855,4.29,0
Cowboys,DAL,12,2.68,8.42,0
Cowboys,DAL,11,5.715,14.07,0
Cowboys,DAL,10,10.67,16.965,0
Cowboys,DAL,9,15.21,17.74,0
Cowboys,DAL,8,17.72,15.505,0
Cowboys,DAL,7,17.045,10.975,0
Cowboys,DAL,6,14.445,6.105,0
Cowboys,DAL,5,8.875,2.83,0
Cowboys,DAL,4,4.475,0.92,0
Cowboys,DAL,3,1.65,0.15,0
Cowboys,DAL,2,0.455,0.015,0.24
Cowboys,DAL,1,0.055,0,6.305
Cowboys,DAL,0,0,0,93.455
Dolphins,MIA,17,0,1.925,0
Dolphins,MIA,16,0,7.375,0
Dolphins,MIA,15,0,13.84,0
Dolphins,MIA,14,0,18.12,0
Dolphins,MIA,13,0.01,19.36,0
Dolphins,MIA,12,0.03,16.33,0
Dolphins,MIA,11,0.095,11.44,0
Dolphins,MIA,10,0.45,6.23,0
Dolphins,MIA,9,1.4,3.285,0
Dolphins,MIA,8,3.105,1.45,0
Dolphins,MIA,7,5.970000000000001,0.4950000000000001,0
Dolphins,MIA,6,11.025,0.105,0
Dolphins,MIA,5,16.06,0.035,0
Dolphins,MIA,4,19.49,0.01,0
Dolphins,MIA,3,18.41,0,0
Dolphins,MIA,2,14.235,0,0.17
Dolphins,MIA,1,7.66,0,5.365
Dolphins,MIA,0,2.06,0,94.465
Eagles,PHI,17,0,0,0
Eagles,PHI,16,0.095,0,0
Eagles,PHI,15,0.73,0.02,0
Eagles,PHI,14,2.84,0.105,0
Eagles,PHI,13,6.235,0.6799999999999999,0
Eagles,PHI,12,10.96,1.91,0
Eagles,PHI,11,15.19,4.6,0
Eagles,PHI,10,17.11,8.43,0
Eagles,PHI,9,17.05,12.645,0
Eagles,PHI,8,13.285,16.865,0
Eagles,PHI,7,8.709999999999999,17.44,0
Eagles,PHI,6,4.83,15.425,0
Eagles,PHI,5,2.115,11.325,0
Eagles,PHI,4,0.715,6.69,0
Eagles,PHI,3,0.115,2.985,0.005
Eagles,PHI,2,0.02,0.77,0.29
Eagles,PHI,1,0,0.11,7.135
Eagles,PHI,0,0,0,92.57
Falcons,ATL,17,0,0,0
Falcons,ATL,16,0,0.08,0
Falcons,ATL,15,0.03,0.43,0
Falcons,ATL,14,0.29,1.865,0
Falcons,ATL,13,1.455,4.36,0
Falcons,ATL,12,3.545,8.33,0
Falcons,ATL,11,7.140000000000001,12.27,0
Falcons,ATL,10,11.195,15.58,0
Falcons,ATL,9,15.245,17.035,0
Falcons,ATL,8,16.91,15.455,0
Falcons,ATL,7,15.975,11.535,0
Falcons,ATL,6,12.495,7.41,0
Falcons,ATL,5,8.649999999999999,3.74,0
Falcons,ATL,4,4.535,1.56,0
Falcons,ATL,3,1.985,0.31,0.005
Falcons,ATL,2,0.47,0.04,0.15
Falcons,ATL,1,0.08,0,6.225
Falcons,ATL,0,0,0,93.62
Giants,NYG,17,0,0,0
Giants,NYG,16,0.005,0,0
Giants,NYG,15,0.035,0.165,0
Giants,NYG,14,0.22,1.325,0
Giants,NYG,13,0.7250000000000001,4.355,0
Giants,NYG,12,2.41,9.115,0
Giants,NYG,11,5.235,14.71,0
Giants,NYG,10,9.77,18.165,0
Giants,NYG,9,14.575,17.855,0
Giants,NYG,8,17.89,15.01,0
Giants,NYG,7,18.24,10.095,0
Giants,NYG,6,15.1,5.54,0
Giants,NYG,5,9.57,2.575,0
Giants,NYG,4,4.575,0.8,0
Giants,NYG,3,1.47,0.25,0
Giants,NYG,2,0.18,0.035,0.22
Giants,NYG,1,0,0.005,6.69
Giants,NYG,0,0,0,93.09
Jaguars,JAX,17,0,0,0
Jaguars,JAX,16,0.205,0,0
Jaguars,JAX,15,1.535,0,0
Jaguars,JAX,14,5.005,0.015,0
Jaguars,JAX,13,10.66,0.195,0
Jaguars,JAX,12,15.135,0.95,0
Jaguars,JAX,11,18.045,2.03,0
Jaguars,JAX,10,17.775,5.115,0
Jaguars,JAX,9,13.615,8.845,0
Jaguars,JAX,8,9.215,13.19,0
Jaguars,JAX,7,5.295,17.64,0
Jaguars,JAX,6,2.255,18.27,0
Jaguars,JAX,5,1.01,15.38,0
Jaguars,JAX,4,0.23,11.205,0
Jaguars,JAX,3,0.02,5.220000000000001,0.005
Jaguars,JAX,2,0,1.74,0.215
Jaguars,JAX,1,0,0.205,6.94
Jaguars,JAX,0,0,0,92.84
Jets,NYJ,17,0,0,0
Jets,NYJ,16,0,0.515,0
Jets,NYJ,15,0.005,2.47,0
Jets,NYJ,14,0.01,6.74,0
Jets,NYJ,13,0.115,12.51,0
Jets,NYJ,12,0.455,17.42,0
Jets,NYJ,11,1.415,18.525,0
Jets,NYJ,10,3.47,16.75,0
Jets,NYJ,9,7.21,11.74,0
Jets,NYJ,8,11.56,7.405,0
Jets,NYJ,7,16.355,3.765,0
Jets,NYJ,6,18.455,1.53,0
Jets,NYJ,5,17.875,0.485,0
Jets,NYJ,4,12.8,0.12,0
Jets,NYJ,3,7.074999999999999,0.02,0
Jets,NYJ,2,2.625,0.005,0.225
Jets,NYJ,1,0.575,0,5.899999999999999
Jets,NYJ,0,0,0,93.875
Lions,DET,17,0,0,0
Lions,DET,16,0.285,0,0
Lions,DET,15,1.63,0.005,0
Lions,DET,14,5.185,0.055,0
Lions,DET,13,10.695,0.23,0
Lions,DET,12,15.39,0.7000000000000001,0
Lions,DET,11,17.59,2.045,0
Lions,DET,10,17.455,4.91,0
Lions,DET,9,13.735,9.055,0
Lions,DET,8,9.49,13.4,0
Lions,DET,7,5.19,17.23,0
Lions,DET,6,2.27,17.89,0
Lions,DET,5,0.775,15.82,0
Lions,DET,4,0.235,11.085,0
Lions,DET,3,0.07,5.48,0.01
Lions,DET,2,0.005,1.79,0.185
Lions,DET,1,0,0.305,7.485
Lions,DET,0,0,0,92.32
Packers,GB,17,0,0,0
Packers,GB,16,0,0.03,0
Packers,GB,15,0.08,0.225,0
Packers,GB,14,0.41,0.925,0
Packers,GB,13,1.79,2.645,0
Packers,GB,12,4.8,5.77,0
Packers,GB,11,8.924999999999999,10.045,0
Packers,GB,10,13.96,14.56,0
Packers,GB,9,17.725,16.765,0
Packers,GB,8,16.82,17.835,0
Packers,GB,7,14.88,14.345,0
Packers,GB,6,10.435,9.41,0
Packers,GB,5,6.035,4.984999999999999,0
Packers,GB,4,2.865,1.895,0
Packers,GB,3,0.99,0.48,0.01
Packers,GB,2,0.245,0.085,0.265
Packers,GB,1,0.04,0,6.784999999999999
Packers,GB,0,0,0,92.94
Panthers,CAR,17,0,0,0
Panthers,CAR,16,0,0.525,0
Panthers,CAR,15,0,2.755,0
Panthers,CAR,14,0.045,6.885,0
Panthers,CAR,13,0.14,12.125,0
Panthers,CAR,12,0.575,16.445,0
Panthers,CAR,11,1.97,17.47,0
Panthers,CAR,10,4.045,15.695,0
Panthers,CAR,9,7.935,12.695,0
Panthers,CAR,8,12.275,8.23,0
Panthers,CAR,7,15.645,4.215,0
Panthers,CAR,6,17.59,2.115,0
Panthers,CAR,5,16.57,0.65,0
Panthers,CAR,4,12.575,0.15,0
Panthers,CAR,3,7.16,0.04,0.005
Panthers,CAR,2,2.9,0.005,0.16
Panthers,CAR,1,0.575,0,6.05
Panthers,CAR,0,0,0,93.785
Patriots,NE,17,0,0,0
Patriots,NE,16,0,0.005,0
Patriots,NE,15,0.145,0.05,0
Patriots,NE,14,0.96,0.35,0
Patriots,NE,13,3.98,1.045,0
Patriots,NE,12,8.625,3.08,0
Patriots,NE,11,13.19,6.23,0
Patriots,NE,10,17.285,10.7,0
Patriots,NE,9,18.165,14.98,0
Patriots,NE,8,15.325,17.985,0
Patriots,NE,7,10.935,17.62,0
Patriots,NE,6,6.544999999999999,13.45,0
Patriots,NE,5,3.26,9.1,0
Patriots,NE,4,1.14,4.185,0
Patriots,NE,3,0.385,1.07,0
Patriots,NE,2,0.055,0.15,0.235
Patriots,NE,1,0.005,0,6.41
Patriots,NE,0,0,0,93.355
Raiders,LV,17,0,0,0
Raiders,LV,16,0.015,0,0
Raiders,LV,15,0.1,0,0
Raiders,LV,14,0.645,0.26,0
Raiders,LV,13,1.76,1.915,0
Raiders,LV,12,4.78,5.345,0
Raiders,LV,11,8.455,10.69,0
Raiders,LV,10,13.08,16.095,0
Raiders,LV,9,17.375,18.17,0
Raiders,LV,8,18.34,17.605,0
Raiders,LV,7,16.33,13.29,0
Raiders,LV,6,11.16,8.85,0
Raiders,LV,5,5.66,5.045,0
Raiders,LV,4,2.01,1.875,0
Raiders,LV,3,0.29,0.73,0.01
Raiders,LV,2,0,0.115,0.215
Raiders,LV,1,0,0.015,6.275
Raiders,LV,0,0,0,93.5
Rams,LAR,17,0,0,0
Rams,LAR,16,0,0,0
Rams,LAR,15,0.15,0.165,0
Rams,LAR,14,0.815,0.58,0
Rams,LAR,13,3.2,1.875,0
Rams,LAR,12,6.815,4.545,0
Rams,LAR,11,11.715,8.21,0
Rams,LAR,10,15.45,12.49,0
Rams,LAR,9,17.145,15.415,0
Rams,LAR,8,15.685,17.095,0
Rams,LAR,7,12.83,15.725,0
Rams,LAR,6,8.469999999999999,12.345,0
Rams,LAR,5,4.895,7.049999999999999,0
Rams,LAR,4,2.025,3.435,0
Rams,LAR,3,0.62,0.92,0
Rams,LAR,2,0.185,0.15,0.295
Rams,LAR,1,0,0,7.375
Rams,LAR,0,0,0,92.33
Ravens,BAL,17,0,0,0
Ravens,BAL,16,0.27,0,0
Ravens,BAL,15,2.175,0,0
Ravens,BAL,14,6.705,0.025,0
Ravens,BAL,13,12.66,0.105,0
Ravens,BAL,12,17.365,0.43,0
Ravens,BAL,11,18.825,1.39,0
Ravens,BAL,10,17.1,3.655,0
Ravens,BAL,9,11.92,6.675000000000001,0
Ravens,BAL,8,7.03,11.51,0
Ravens,BAL,7,3.79,16.705,0
Ravens,BAL,6,1.54,18.8,0
Ravens,BAL,5,0.48,17.855,0
Ravens,BAL,4,0.11,13.145,0
Ravens,BAL,3,0.025,7.025,0.005
Ravens,BAL,2,0.005,2.34,0.245
Ravens,BAL,1,0,0.34,6.875000000000001
Ravens,BAL,0,0,0,92.875
Saints,NO,17,0,0,0
Saints,NO,16,0,0.045,0
Saints,NO,15,0.09,0.325,0
Saints,NO,14,0.63,1.08,0
Saints,NO,13,2.12,2.73,0
Saints,NO,12,5.04,5.835,0
Saints,NO,11,9.45,10.55,0
Saints,NO,10,13.79,14.345,0
Saints,NO,9,16.43,16.475,0
Saints,NO,8,16.585,16.38,0
Saints,NO,7,14.495,14.145,0
Saints,NO,6,10.795,9.755,0
Saints,NO,5,6.125,5.235,0
Saints,NO,4,2.91,2.31,0
Saints,NO,3,1.135,0.695,0
Saints,NO,2,0.36,0.095,0.195
Saints,NO,1,0.045,0,6.055
Saints,NO,0,0,0,93.75
Seahawks,SEA,17,0,0,0
Seahawks,SEA,16,0.5599999999999999,0,0
Seahawks,SEA,15,3.48,0,0
Seahawks,SEA,14,9.285,0.005,0
Seahawks,SEA,13,15.85,0.085,0
Seahawks,SEA,12,18.82,0.225,0
Seahawks,SEA,11,18.15,0.945,0
Seahawks,SEA,10,14.88,2.215,0
Seahawks,SEA,9,9.875,5.149999999999999,0
Seahawks,SEA,8,5.355,9.385,0
Seahawks,SEA,7,2.355,14.72,0
Seahawks,SEA,6,1.03,18.005,0
Seahawks,SEA,5,0.27,18.91,0
Seahawks,SEA,4,0.085,16.345,0
Seahawks,SEA,3,0.005,9.605,0.005
Seahawks,SEA,2,0,3.795,0.23
Seahawks,SEA,1,0,0.61,6.085
Seahawks,SEA,0,0,0,93.68
Steelers,PIT,17,0,0,0
Steelers,PIT,16,0.005,0,0
Steelers,PIT,15,0.105,0.08,0
Steelers,PIT,14,0.645,0.585,0
Steelers,PIT,13,1.865,2.02,0
Steelers,PIT,12,4.705,5.575,0
Steelers,PIT,11,8.99,10.44,0
Steelers,PIT,10,13.57,15.345,0
Steelers,PIT,9,16.97,18.04,0
Steelers,PIT,8,17.945,16.855,0
Steelers,PIT,7,15.675,13.95,0
Steelers,PIT,6,10.84,9.385,0
Steelers,PIT,5,5.795,4.975000000000001,0
Steelers,PIT,4,2.17,1.955,0.005
Steelers,PIT,3,0.625,0.6799999999999999,0
Steelers,PIT,2,0.095,0.11,0.195
Steelers,PIT,1,0,0.005,5.875
Steelers,PIT,0,0,0,93.925
Texans,HOU,17,0,0,0
Texans,HOU,16,0,0.04,0
Texans,HOU,15,0,0.275,0
Texans,HOU,14,0.295,1.02,0
Texans,HOU,13,1.73,2.42,0
Texans,HOU,12,4.859999999999999,5.57,0
Texans,HOU,11,9.53,9.72,0
Texans,HOU,10,14.08,14.05,0
Texans,HOU,9,18.01,17.31,0
Texans,HOU,8,17.265,18.085,0
Texans,HOU,7,14.425,14.445,0
Texans,HOU,6,10.015,9.825,0
Texans,HOU,5,5.785,5.065,0
Texans,HOU,4,2.575,1.85,0
Texans,HOU,3,1.095,0.325,0.01
Texans,HOU,2,0.285,0,0.145
Texans,HOU,1,0.05,0,5.705
Texans,HOU,0,0,0,94.14
Titans,TEN,17,0,1.59,0
Titans,TEN,16,0,6.245,0
Titans,TEN,15,0,12.98,0
Titans,TEN,14,0,18.395,0
Titans,TEN,13,0.005,19.585,0
Titans,TEN,12,0.025,16.66,0
Titans,TEN,11,0.17,11.47,0
Titans,TEN,10,0.475,7.085,0
Titans,TEN,9,1.495,3.69,0
Titans,TEN,8,3.505,1.585,0
Titans,TEN,7,6.865,0.5,0
Titans,TEN,6,11.185,0.18,0
Titans,TEN,5,16.32,0.03,0
Titans,TEN,4,19.7,0.005,0
Titans,TEN,3,18.64,0,0
Titans,TEN,2,13.305,0,0.09
Titans,TEN,1,6.654999999999999,0,5.225
Titans,TEN,0,1.655,0,94.685
Vikings,MIN,17,0.075,0,0
Vikings,MIN,16,0.645,0,0
Vikings,MIN,15,2.425,0,0
Vikings,MIN,14,6.38,0.025,0
Vikings,MIN,13,11.52,0.1,0
Vikings,MIN,12,15.915,0.4,0
Vikings,MIN,11,18.4,1.555,0
Vikings,MIN,10,16.39,4.17,0
Vikings,MIN,9,13.195,8.1,0
Vikings,MIN,8,8.37,12.9,0
Vikings,MIN,7,4.46,16.225,0
Vikings,MIN,6,1.66,18.32,0
Vikings,MIN,5,0.425,16.245,0
Vikings,MIN,4,0.115,11.775,0
Vikings,MIN,3,0.025,6.805,0
Vikings,MIN,2,0,2.585,0.175
Vikings,MIN,1,0,0.72,6.285
Vikings,MIN,0,0,0.075,93.54
