week,home_sb_fran_id,pf_home,win_home,away_sb_fran_id,pf_away,win_away,point_spread,total,neutral,extra
4,WAS,22.6829,42.685,IND,24.96615,56.77,2.5,47,Yes,0
4,BAL,29.0468,81.595,TEN,17.21015,18.04,-11,46,No,0
4,BUF,26.5371,67.04,NE,20.4852,32.315,-5.5,46.5,No,0
4,CHI,22.48875,60.755,NYJ,18.95345,38.74,-3,41,No,0
4,CIN,25.6934,48.145,JAX,26.2278,51.255,1,51.5,No,0
4,HOU,26.95655,62.395,DAL,22.9326,37.205,-3.5,49.5,No,0
4,NYG,23.61795,53.48,ARI,22.3977,46,-1.5,45.5,No,0
4,PHI,24.43295,56.185,LAR,22.347,43.145,-2.5,46.5,No,0
4,TB,20.2871,39.56,GB,23.65615,59.94500000000001,3,43.5,No,0
4,MIN,26.5074,78.14,MIA,16.74735,21.52,-8.5,43,No,0
4,LV,21.31375,33.79499999999999,KC,26.6407,65.735,5,47.5,No,0
4,SEA,26.0325,78.03999999999999,LAC,16.28325,21.605,-8,41.5,No,0
4,SF,26.23555,59.73,DEN,22.8599,39.67,-3,48.5,No,0
4,CAR,23.0018,37.295,DET,27.29635,62.1,3.5,50,No,0
4,NO,24.5838,56.875,ATL,22.29495,42.695,-2.5,46.5,No,0
5,DAL,28.0456,68.95,TB,21.442,30.615,-6,49,No,0
5,JAX,24.13175,56.53,PHI,21.8927,42.88,-2.5,45.5,Yes,0
5,GB,25.75315,62.315,CHI,21.5471,37.14,-3.5,47,No,0
5,MIA,20.80355,33.56,CIN,26.3051,65.935,5,46.5,No,0
5,NE,25.11265,70.71,LV,18.12325,28.91,-6.5,43,No,0
5,NO,21.79405,49.27500000000001,MIN,21.9765,50.345,0.5,43.5,No,0
5,NYJ,18.95555,46.155,CLE,20.0771,53.335,1.5,38.5,No,0
5,PIT,25.0687,57.40499999999999,IND,22.66375,42.16,-3,47,No,0
5,TEN,17.0802,27.375,HOU,24.4263,72.355,6.5,41,No,0
5,WAS,24.4873,57.995,NYG,21.8463,41.495,-3,46,No,0
5,LAC,20.81295,38.81,DEN,24.39585,60.59,3,44.5,No,0
5,ARI,24.01375,38.355,DET,27.99965,61.065,3.5,51.5,No,0
5,SEA,25.2245,59.035,SF,22.26105,40.37,-3,47,No,0
5,ATL,23.5732,41.71,BAL,26.51935,57.89,3,50,No,0
5,LAR,27.1288,52.12,BUF,26.4358,47.11,-1.5,53,No,0
6,DEN,20.9519,50.02,SEA,20.8058,49.54,-0.5,41,No,0
6,JAX,23.38235,55.60000000000001,HOU,21.3878,43.905,-2.5,44,Yes,0
6,ATL,25.2187,54.48499999999999,CHI,23.79635,45.04,-2,48.5,No,0
6,CLE,20.3892,38.14,BAL,24.26645,61.26000000000001,3.5,44,No,0
6,IND,26.85085,70.38499999999999,TEN,19.695,29.19,-6.5,46,No,0
6,NE,25.11205,74.935,NYJ,16.5277,24.76,-7.5,41,No,0
6,NYG,22.46635,48.405,NO,22.80515,51.13999999999999,1,44.5,No,0
6,PHI,25.80645,67.88499999999999,CAR,19.6409,31.62,-5.5,45,No,0
6,TB,22.5283,52.76,PIT,21.5838,46.785,-1.5,43.5,No,0
6,LAR,29.16855,69.54,ARI,22.05785,29.885,-6.5,51,No,0
6,KC,28.61975,80.255,LAC,17.53,19.36,-10,45.5,No,0
6,LV,22.0386,33.955,BUF,27.6444,65.42999999999999,5,49,No,0
6,GB,26.99425,58.945,DAL,23.9358,40.64,-3,50.5,No,0
6,SF,30.9591,80.515,WAS,19.3182,19.145,-10.5,50,No,0
7,CHI,23.20185,53.84999999999999,NE,21.756,45.655,-2,44.5,No,0
7,NO,22.38555,48.705,PIT,22.75405,50.79,1,44.5,Yes,0
7,ATL,23.8323,40.765,SF,27.0443,58.77,3,50.5,No,0
7,BAL,27.27495,60.22499999999999,CIN,23.67355,39.175,-3.5,50.5,No,0
7,CAR,22.9494,49.765,TB,22.8772,49.77500000000001,Pick,45.5,No,0
7,HOU,25.88135,70.195,NYG,19.16845,29.37,-6,44.5,No,0
7,MIN,25.9231,67.645,IND,20.04465,31.89,-5.5,45.5,No,0
7,NYJ,21.7245,55.175,MIA,20.08045,44.35,-2.5,41,No,0
7,TEN,19.30015,42.86499999999999,CLE,21.54925,56.80500000000001,2.5,40.5,No,0
7,ARI,21.2168,33.85,DEN,26.59325,65.63,4.5,47.5,No,0
7,DET,29.57375,68.645,GB,22.943,30.84,-6,52,No,0
7,LV,22.10515,38.085,LAR,26.1259,61.41999999999999,3.5,47.5,No,0
7,SEA,25.20205,63.89,KC,20.55365,35.695,-4,45,No,0
7,PHI,26.7494,61.46,DAL,22.64595,38.03,-3.5,49,No,0
8,GB,27.0158,71.135,CAR,19.5928,28.38,-6.5,46,No,0
8,BUF,28.33115,66.635,BAL,22.3077,32.67,-5.5,50.5,No,0
8,CIN,28.31775,76.805,TEN,18.60425,22.87,-8,46.5,No,0
8,DAL,28.80655,64.9,ARI,23.53025,34.67,-4.5,51.5,No,0
8,DET,26.01225,62.245,MIN,21.58395,37.185,-4,47,No,0
8,JAX,28.3654,71.125,IND,20.81215,28.35,-6.5,48.5,No,0
8,NYJ,20.4266,48.425,LV,20.8115,51.035,1,40.5,No,0
8,PIT,23.40715,61.59,CLE,19.66745,37.985,-3.5,42.5,No,0
8,TB,22.7585,49.52500000000001,ATL,22.7847,49.955,0.5,45,No,0
8,LAR,26.3095,62.155,LAC,21.9243,37.3,-3.5,47.5,No,0
8,DEN,23.1116,49.055,KC,23.29435,50.345,0.5,46,No,0
8,MIA,17.40035,28.97,NE,24.43975,70.64,6.5,41,No,0
8,WAS,22.4089,48.71,PHI,22.79325,50.735,0.5,44.5,No,0
8,SEA,27.24705,76.07000000000001,CHI,18.11235,23.47,-7.5,44.5,No,0
9,BAL,25.9694,57.615,JAX,23.3371,41.745,-3,49,No,0
9,ATL,24.49115,45.925,CIN,25.94335,53.52,2,50,Yes,0
9,CAR,20.48495,36.705,DEN,24.781,62.72499999999999,3.5,44.5,No,0
9,IND,27.14055,54.40000000000001,DAL,25.58865,45.165,-2,52,No,0
9,KC,28.60525,83.78,NYJ,15.82065,15.915,-12.5,44,No,0
9,MIA,19.69495,30.11,DET,26.73685,69.33500000000001,6.5,46,No,0
9,NO,24.51485,65.62,CLE,19.4227,33.90000000000001,-4.5,43.5,No,0
9,PHI,25.2418,66.485,NYG,19.51,32.955,-5,44,No,0
9,WAS,22.51465,41.6,LAR,25.3558,57.87,3,47.5,No,0
9,LAC,19.579,36.065,HOU,24.0049,63.66,4,43,No,0
9,SF,29.20495,77.545,LV,18.7904,21.93,-9,47.5,No,0
9,NE,24.9707,62.03999999999999,GB,20.8712,37.375,-3.5,45,No,0
9,SEA,28.9077,84.165,ARI,15.89305,15.525,-13,44,No,0
9,CHI,25.21345,64.06500000000001,TB,20.3886,35.495,-4,45,No,0
9,MIN,23.2263,46.87,BUF,24.5817,52.52,1.5,47.5,No,0
10,NYG,23.4857,53.77,WAS,22.28375,45.705,-2,45,No,0
10,DET,23.6234,50.44,NE,23.19475,48.795,-0.5,46.5,Yes,0
10,ATL,22.8832,39.295,KC,26.51745,60.17,3.5,49,No,0
10,CLE,18.03385,40.885,HOU,20.73655,58.7,3,38,No,0
10,GB,22.45,55.82,MIN,20.3819,43.69,-2.5,42.5,No,0
10,IND,27.2485,69.67,MIA,20.2772,29.905,-6.5,47,No,0
10,NO,26.1967,64.85,CAR,21.1539,34.59,-4.5,47,No,0
10,NYJ,18.50805,25.13,BUF,27.56885,74.37,7.5,45.5,No,0
10,TEN,18.8384,26.62,JAX,26.9751,72.97,7,45,No,0
10,ARI,22.11525,34.3,LAR,27.57425,65.19,5,49,No,0
10,LV,18.3538,30.345,SEA,24.9209,69.19,6,43,No,0
10,DAL,24.8875,38.545,SF,28.9292,60.875,3.5,53.5,No,0
10,CIN,26.00965,60.605,PIT,22.21065,38.935,-3.5,47.5,No,0
10,BAL,26.74395,69.69,LAC,19.6318,29.8,-6.5,46,No,0
11,HOU,25.88675,67.66,IND,19.9933,31.9,-5.5,45.5,No,0
11,BUF,31.26055,86.4,MIA,16.0099,13.255,-14.5,47,No,0
11,CAR,21.22925,32.045,BAL,27.4502,67.44,5.5,48,No,0
11,CHI,25.37355,64.215,NO,20.42155,35.275,-4.5,45.5,No,0
11,DAL,28.57725,71.965,TEN,20.68015,27.705,-7,49,No,0
11,DET,27.9524,66.485,TB,21.947,32.995,-5.5,49.5,No,0
11,KC,30.1795,82.52000000000001,ARI,17.6841,17.105,-12,47.5,No,0
11,NYG,21.22485,36.74,JAX,25.65145,62.73,4,46.5,No,0
11,LAC,23.50585,59.91999999999999,NYJ,20.2295,39.565,-3,43.5,No,0
11,DEN,26.3092,76.37,LV,16.79095,23.275,-8,43,No,0
11,PHI,25.85185,69.59,PIT,18.868,29.875,-6.5,44,No,0
11,SF,26.87705,69.63000000000001,MIN,19.882,29.925,-6.5,46.5,Yes,0
11,WAS,23.573,45.655,CIN,24.95115,53.82,2,48,No,0
12,LAR,28.20245,66.435,GB,22.2517,32.995,-5.5,50,No,0
12,DET,28.74115,64.595,CHI,23.4895,34.88,-4.5,51.5,No,0
12,DAL,25.17315,51.02,PHI,24.8546,48.29,-1,49.5,No,0
12,BUF,26.2473,57.985,KC,23.1684,41.42,-3,49,No,0
12,PIT,21.5385,44.285,DEN,23.49685,55.185,2.5,44.5,No,0
12,CIN,26.53615,63.65499999999999,NO,21.6757,35.955,-4.5,47.5,No,0
12,CLE,22.2463,63.18,LV,17.90785,36.435,-3.5,39.5,No,0
12,HOU,23.51365,51.195,BAL,23.3596,48.32,-1,46.5,No,0
12,IND,26.1493,60.68,NYG,22.4146,38.845,-3.5,48,No,0
12,MIA,20.50685,49.175,NYJ,20.61335,50.38500000000001,0.5,40.5,No,0
12,MIN,23.26295,55.265,ATL,21.45505,44.355,-2.5,44,No,0
12,JAX,28.84545,80.66,TEN,17.18465,18.945,-10.5,45.5,No,0
12,ARI,24.9095,53.47,WAS,23.73215,45.955,-2,48,No,0
12,SF,23.47915,51.87,SEA,22.68865,47.51000000000001,-1,45.5,No,0
12,LAC,20.90215,41.625,NE,23.61595,57.985,3,44,No,0
12,TB,24.0981,59.565,CAR,20.87585,40,-3,44.5,No,0
13,LAR,25.5556,52.195,KC,24.5383,47.2,-1.5,49.5,No,0
13,ATL,24.3548,45.76,DET,26.00125,53.675,2,50,No,0
13,CHI,23.05715,47.555,JAX,23.89615,51.915,1,46.5,No,0
13,CLE,21.26725,45.79,CIN,22.6148,53.70500000000001,1.5,43.5,No,0
13,NO,24.79495,52.075,GB,24.1711,47.345,-1,48.5,No,0
13,NYG,20.558,32.315,SF,26.76575,67.21000000000001,6,47,No,0
13,TB,23.0151,57.105,LAC,20.67645,42.45,-2.5,43,No,0
13,TEN,21.0845,43.745,WAS,23.1677,55.825,2.5,43.5,No,0
13,ARI,21.5433,38.235,PHI,25.56925,61.295,3.5,47,No,0
13,DEN,28.30875,84.505,MIA,14.8103,15.17,-13.5,42.5,No,0
13,MIN,26.1037,72.03500000000001,CAR,18.4785,27.63,-7,44,No,0
13,NE,22.22135,44.73,BUF,24.19445,54.775,2.5,46,No,0
13,PIT,20.4729,44.11,HOU,22.20435,55.545,2.5,42,No,0
13,SEA,28.64715,77.60000000000001,DAL,18.4875,22.07,-9,46.5,No,0
14,NE,21.94595,60.78,MIN,18.3139,38.675,-3.5,40,No,0
14,BAL,28.61815,77.645,TB,18.2242,21.93,-9.5,46.5,No,0
14,CAR,22.35335,45.95,NO,23.47715,53.56999999999999,2,45,No,0
14,CLE,20.59555,49.11,ATL,20.7505,50.44,0.5,40.5,No,0
14,DET,30.5702,81.21000000000001,TEN,18.23925,18.455,-11.5,48,No,0
14,MIA,20.14705,35.26000000000001,CHI,25.08595,64.205,4,44.5,No,0
14,NYJ,17.88165,33.03,DEN,23.465,66.56,5,41,No,0
14,PHI,25.0383,62.875,IND,20.57555,36.6,-4,45,No,0
14,WAS,20.109,39.93,HOU,23.09675,59.66,3,43,No,0
14,LV,24.0168,59.305,LAC,20.8082,40.215,-3,44,No,0
14,CIN,23.6188,43.335,KC,25.7363,56.13500000000001,2.5,49,No,0
14,SEA,27.0867,80.71000000000001,NYG,15.8765,18.9,-10,42.5,No,0
14,SF,26.5704,61.82,LAR,22.45115,37.57,-3.5,48.5,No,0
14,GB,22.9181,45.905,BUF,24.45835,53.36,1.5,47,No,0
14,JAX,27.2978,69.89999999999999,PIT,20.21795,29.625,-6.5,47,No,0
15,LAC,20.4867,28.34,SF,28.57835,71.21,7,48.5,No,0
15,PHI,19.7057,44.66,SEA,21.22695,54.685,2,40.5,No,0
15,BUF,28.44915,73.36,CHI,19.7936,26.15,-7.5,47.5,No,0
15,CAR,22.30355,38.145,CIN,26.31555,61.365,3.5,48,No,0
15,GB,27.2153,78.565,MIA,16.6469,21.1,-9.5,43.5,No,0
15,HOU,23.02355,50.44,JAX,23.01145,49.085,-0.5,45.5,No,0
15,NYG,21.4158,52.72,CLE,20.4107,46.755,-1.5,41,No,0
15,PIT,22.07865,39.28,BAL,25.7684,60.075,3.5,47.5,No,0
15,TB,22.50735,51.005,NO,22.01875,48.555,-1,44,No,0
15,TEN,20.6006,38.61,IND,24.5029,60.975,3.5,44.5,No,0
15,WAS,22.4523,46.55,ATL,23.39955,53.05,1.5,45.5,No,0
15,ARI,24.59265,60.96,NYJ,20.7485,38.55,-3.5,44.5,No,0
15,LAR,28.15885,62.53999999999999,DAL,23.52995,36.875,-4,51,No,0
15,LV,20.3065,37.02,DEN,24.735,62.505,3.5,44.5,No,0
15,MIN,24.44025,54.40000000000001,DET,22.96935,45,-2,47,No,0
15,KC,25.21655,69.19999999999999,NE,18.58515,30.4,-6,43.5,No,0
16,PHI,21.38065,53.305,HOU,19.931,46.27,-1.5,41,No,0
16,CHI,24.49445,56.745,GB,22.0817,42.71,-3,46,No,0
16,DEN,23.21335,49.96,BUF,23.3363,49.325,-0.5,46,No,0
16,SEA,23.9302,64.66499999999999,LAR,19.0945,34.75,-4,42.5,No,0
16,ATL,25.3941,62.085,TB,21.28705,37.575,-3.5,46.5,No,0
16,BAL,27.3985,77.075,CLE,17.21855,22.52,-9,44,No,0
16,IND,25.1371,47.45500000000001,CIN,25.9342,51.98,1,50.5,No,0
16,MIA,19.91365,42.29,LAC,22.38795,57.22000000000001,3,41.5,No,0
16,MIN,25.93725,69.295,WAS,19.20465,30.225,-6,44.5,No,0
16,NO,27.12655,67.04,ARI,21.17855,32.59,-5.5,48,No,0
16,NYJ,17.04225,31,NE,23.40235,68.545,6,40,No,0
16,PIT,25.38715,65.08500000000001,CAR,20.2675,34.48999999999999,-4.5,45,No,0
16,LV,25.31445,68.22500000000001,TEN,19.0771,31.415,-6,44,No,0
16,KC,24.78425,53.84,SF,23.351,45.585,-2,47.5,No,0
16,DAL,25.68675,46.59,JAX,26.7892,52.805,1.5,52,No,0
16,DET,28.9136,72.205,NYG,20.7143,27.28,-7,49,No,0
17,CIN,24.3411,48.055,BAL,24.9526,51.25999999999999,1,48.5,No,0
17,ATL,25.2165,59.095,NO,22.03775,40.48,-3,47,No,0
17,CAR,17.06865,25.41,SEA,25.66995,74.22999999999999,7.5,42.5,No,0
17,CLE,21.8722,54.885,IND,20.3433,44.56,-2.5,41.5,No,0
17,DAL,27.2178,61.965,NYG,23.017,37.625,-3.5,50,No,0
17,JAX,28.11845,73.675,WAS,19.42615,25.845,-7.5,47,No,0
17,MIA,17.26545,20.3,BUF,28.82335,79.295,10.5,45.5,No,0
17,NE,21.92325,55.635,DEN,20.04625,43.69,-2.5,41.5,No,0
17,NYJ,17.1967,34.84,MIN,22.02585,64.7,4,38.5,No,0
17,TB,19.8436,36.105,LAR,24.71385,63.395,4,44,No,0
17,TEN,19.8277,37.88,PIT,23.7077,61.72499999999999,3.5,43,No,0
17,ARI,23.2344,49.195,LV,23.4621,50.36000000000001,0.5,46,No,0
17,CHI,23.3751,48.85,DET,23.7398,50.52999999999999,0.5,46.5,No,0
17,LAC,20.1921,29.67,KC,27.5447,69.94,6.5,47,No,0
17,SF,27.87165,73.245,PHI,19.35615,26.245,-7,46.5,No,0
17,GB,21.47745,53.525,HOU,20.0885,46,-2,41,No,0
18,BAL,28.15745,75.335,PIT,18.5187,24.28,-8,46.5,No,0
18,BUF,28.7046,82.89,NYJ,14.95665,16.7,-13.5,43.5,No,0
18,CAR,21.9023,43.52500000000001,ATL,23.9306,55.995,2.5,45,No,0
18,CIN,25.9597,70.085,CLE,18.7759,29.485,-6.5,44,No,0
18,GB,23.5691,51.835,DET,22.9771,47.62,-1,46,No,0
18,HOU,27.0001,80.78999999999999,TEN,15.46355,18.935,-10.5,42,No,0
18,IND,23.2956,40.305,JAX,26.52605,59.105,3,49.5,No,0
18,KC,27.8829,79.675,LV,16.4216,19.925,-10.5,44,No,0
18,MIN,25.1295,61.91999999999999,CHI,20.97405,37.585,-3.5,45.5,No,0
18,NE,27.4014,82.72500000000001,MIA,14.6422,16.99,-12.5,41.5,No,0
18,NO,25.3754,62.09,TB,21.2478,37.55,-3.5,46,No,0
18,NYG,20.0568,42.12,PHI,22.69635,57.385,3,42,No,0
18,WAS,23.88905,47.46,DAL,24.6184,52.04499999999999,1,48,No,0
18,ARI,21.08975,30.23,SF,28.4554,69.33,6.5,49,No,0
18,DEN,26.03355,75.63,LAC,16.51805,24.01,-8,42,No,0
18,LAR,21.7792,48.43,SEA,22.15395,51.035,1,43.5,No,0
