nickname,home_division,team_record,wpct,pf,pa,made_playoffs,won_division,won_superbowl
Bills,AFC East,11-6,66.124413,27.68274411764706,22.45867941176471,87.669998,58.614998,9.1999998
Patriots,AFC East,10-7,60.055733,22.14931764705883,19.30308823529412,75.625,40.369999,4.875
Jets,AFC East,5-12,30.054707,17.97975882352941,23.54395294117647,3.625,0.77999997,0.0049999999
Dolphins,AFC East,4-13,22.397501,16.43755294117647,25.53976470588235,0.86000001,0.235,0.015000001
Ravens,AFC North,11-6,62.082939,25.95087058823529,22.49929411764706,74.695,49.07,5.3499999
Bengals,AFC North,10-7,56.058235,25.26634705882353,22.41270294117647,55.694996,26.635,1.89
Browns,AFC North,9-8,51.442795,20.02669117647059,22.39751764705882,39.204998,15.690001,0.28
Steelers,AFC North,8-9,46.496914,21.26903823529412,23.16974411764706,26.460001,8.6049995,0.34
Jaguars,AFC South,11-6,65.796623,25.96599411764706,19.42450588235294,86.119995,73.245003,6.9650002
Colts,AFC South,8-9,49.677647,24.07900882352941,24.25903823529412,36.095001,16.994999,0.54000002
Texans,AFC South,7-10,43.985737,22.40541176470588,22.04456176470588,21.825001,9.2399998,0.74000001
Titans,AFC South,4-13,23.007648,17.74413529411765,24.80582647058824,1.14,0.51999998,0.0049999999
Chiefs,AFC West,12-5,70.935738,26.70049705882353,20.86476176470588,94.239998,75.894997,14.465
Broncos,AFC West,10-7,57.91412,22.65292058823529,21.03255,65.629997,19.08,3.1700001
Raiders,AFC West,8-9,46.94265,22.27955,23.64806176470588,26.969999,4.3000002,0.31999999
Chargers,AFC West,5-12,30.330441,19.83507352941177,24.96447647058823,4.145,0.72499996,0.079999998
Cowboys,NFC East,9-8,51.050884,26.69754705882353,25.81354411764706,42.474998,32.720001,1.525
Eagles,NFC East,9-8,50.972794,21.79636764705882,22.54123823529412,42.555,35.450001,1.4100001
Giants,NFC East,8-9,48.445,20.98354411764706,23.36805294117647,33.450001,25.490002,0.46000001
Commanders,NFC East,6-11,37.66103,21.80551176470588,26.08891764705882,10.55,6.3400002,0.16
Vikings,NFC North,11-6,64.110443,22.35528529411765,19.65448529411765,77.165001,47.830002,3.7549999
Lions,NFC North,10-7,56.257057,26.98820588235294,25.13158235294118,52.34,23.25,2.885
Bears,NFC North,9-8,55.438232,24.29178235294118,21.69002352941176,48.754997,17.305,1.75
Packers,NFC North,9-8,51.397205,22.35825882352941,23.73557352941177,36.125,11.615,1.385
Falcons,NFC South,9-8,54.245003,24.47060294117647,22.81518529411765,63.270004,56.959999,3.345
Panthers,NFC South,7-10,42.704262,23.54259117647059,25.27449411764706,25.960001,20.905001,0.31999999
Saints,NFC South,7-10,40.980293,23.41319705882353,25.88722058823529,19.530001,14.910001,0.27000001
Buccaneers,NFC South,5-12,32.331028,21.00237352941176,24.28748235294118,8.5249996,7.2249999,0.14
49ers,NFC West,12-5,72.436615,27.6509,20.26885882352941,92.059998,55.524998,16.91
Seahawks,NFC West,11-6,66.550293,24.8417,19.25668235294118,82.419998,32.760002,10.78
Rams,NFC West,10-7,57.905151,24.87267352941176,21.94560588235294,61.295002,11.575,6.6349998
Cardinals,NFC West,6-11,34.21088,21.82926470588236,27.19724411764706,3.5250001,0.14,0.030000001
