player,team,week,opp,outcome,pass,rush,adj_qbert,win
Josh Allen,BUF,1,@HOU,W 36-31,22.9232056739902,5.07747334212304,108.000679016113,1
Josh Allen,BUF,2,DET,W 41-31,3.89079753508621,25.0667372549529,108.957534790039,1
Josh Allen,BUF,3,LAC,W 24-16,-32.9992015464132,-14.6774418251688,32.323356628418,1
Josh Allen,BUF,4,NWE,L 26-29,-6.1292081429859,-7.15969413972894,66.7110977172852,0
Tyson Bagent,CHI,4,NYJ,W 23-12,2.70324879875437,-2.97097951164499,79.7322692871094,1
Jacoby Brissett,ARI,1,@LAC,W 26-14,34.115483940367,3.22357398199626,117.339057922363,1
Jacoby Brissett,ARI,2,SEA,L 7-31,-25.1827817385914,-7.89694543426013,46.9202728271484,0
Jacoby Brissett,ARI,3,@SFO,L 30-36,10.78920412559,-8.83665895957438,81.9525451660156,0
Jacoby Brissett,ARI,4,@NYG,L 24-36,-33.5345819403293,-2.94246502622348,43.5229530334473,0
Joe Burrow,CIN,1,TAM,W 33-27,-5.31715002085158,2.41213598276564,77.0949859619141,1
Joe Burrow,CIN,2,@HOU,W 20-6,13.7826454579977,-14.7879021108297,78.994743347168,1
Joe Burrow,CIN,3,@PIT,L 27-30,32.0825016557198,1.65247606644818,113.734977722168,0
Joe Burrow,CIN,4,JAX,L 17-22,10.0925160617994,-4.97966205789315,85.1128540039063,0
Kirk Cousins,LVR,1,MIA,W 27-13,-13.0739885002278,-6.00851195753591,60.9174995422363,1
Kirk Cousins,LVR,2,@LAC,W 26-14,33.5138258142107,-2.60868207641768,110.905143737793,1
Kirk Cousins,LVR,3,@NOR,W 35-27,23.3840130427383,-10.0126827815078,93.3713302612305,1
Kirk Cousins,LVR,4,KAN,L 27-30,15.9136719188881,-1.25079197504044,94.6628799438477,0
Jayden Daniels,WAS,1,@PHI,L 22-24,9.58277567251957,8.30414144173825,97.8869171142578,0
Jayden Daniels,WAS,2,@DAL,L 20-37,-28.9815230797529,58.9063506554365,109.924827575684,0
Jalon Daniels,TAM,4,GNB,L 14-17,-31.4089502852525,16.9194712203111,65.5105209350586,0
Jalon Daniels,TAM,5,@DAL,W 24-16,6.99293810409216,2.28062909561487,89.273567199707,1
Sam Darnold,SEA,3,@WAS,L 31-33,23.5543261460915,5.62296572402573,109.177291870117,0
Sam Darnold,SEA,4,LAC,W 30-23,-0.950783259078435,-0.634170049027034,78.4150466918945,1
Jaxson Dart,NYG,1,DAL,W 28-20,5.08070928385674,6.67203729817451,91.7527465820313,1
Jared Goff,DET,1,NOR,W 31-30,0.41580628220508,-7.49661682908008,72.919189453125,1
Jared Goff,DET,2,@BUF,L 31-41,24.9310756357803,-13.9648128183975,90.9662628173828,0
Jared Goff,DET,3,NYJ,W 31-24,20.9550352387703,-6.89200118115308,94.0630340576172,1
Jared Goff,DET,4,@CAR,L 26-32,28.7340057764722,-0.309796181745592,108.424209594727,0
Justin Herbert,LAC,1,ARI,L 14-26,-20.6521162039565,-2.41926441127788,56.9286193847656,0
Justin Herbert,LAC,2,LVR,L 14-26,-29.5204797605135,-10.7603315493009,39.7191886901855,0
Justin Herbert,LAC,3,@BUF,L 16-24,-4.86983127606418,-3.4124639509866,71.7177047729492,0
Justin Herbert,LAC,4,@SEA,L 23-30,-13.7496147639921,0.572849322097571,66.8232345581055,0
Tyler Huntley,BAL,4,TEN,W 24-18,-6.3819631702653,10.5518697864762,84.1699066162109,1
Jalen Hurts,PHI,1,WAS,W 24-22,-9.14509495623727,15.1299887550654,85.9848937988281,1
Jalen Hurts,PHI,2,@TEN,W 24-20,2.53563357230626,-6.19514895316564,76.3404846191406,1
Jalen Hurts,PHI,3,@CHI,L 7-27,-29.5054136992874,16.3685805083695,66.863166809082,0
Jalen Hurts,PHI,4,LAR,L 20-24,-31.7756998337904,-3.06999566181503,45.1543045043945,0
Lamar Jackson,BAL,1,@IND,W 41-23,12.9231726887624,19.7363732096751,112.659545898438,1
Lamar Jackson,BAL,2,NOR,L 17-24,-6.47129129566431,11.8224341789651,85.3511428833008,0
Lamar Jackson,BAL,3,@DAL,W 34-31,19.2759880693245,22.2270560590934,121.503044128418,1
Lamar Jackson,BAL,4,TEN,W 24-18,35.9080426695486,-5.08414435411894,110.82389831543,1
Daniel Jones,IND,1,BAL,L 23-41,-5.07410272952307,-3.39452520016443,71.5313720703125,0
Daniel Jones,IND,2,@KAN,L 30-33,11.6174543629364,2.0755159129425,93.6929702758789,0
Daniel Jones,IND,3,HOU,W 19-17,-15.4449127416262,-11.2185584802976,53.3365287780762,1
Daniel Jones,IND,4,@WAS,W 30-13,-39.4336422229525,-1.33133046381504,39.2350273132324,1
Athan Kaliakmanis,WAS,4,@IND,L 13-30,-20.2249994996952,-4.02041523419149,55.7545852661133,0
Case Keenum,CHI,3,PHI,W 27-7,15.9451547616877,1.22831478176929,97.173469543457,1
Trevor Lawrence,JAX,1,CLE,W 34-10,57.944512218294,-14.3563087881182,123.588203430176,1
Trevor Lawrence,JAX,2,@DEN,L 13-20,-3.06740763145862,-8.33457753699841,68.598014831543,0
Trevor Lawrence,JAX,3,NWE,W 35-6,3.95682470034753,2.44946344662512,86.4062881469727,1
Trevor Lawrence,JAX,4,@CIN,W 22-17,15.7443329743022,-13.6034714630717,82.1408615112305,1
Drew Lock,SEA,1,NWE,W 13-10,11.7374023151444,4.72916567801965,96.4665679931641,1
Drew Lock,SEA,2,@ARI,W 31-7,51.3402105505489,-11.2401663000607,120.100044250488,1
Jordan Love,GNB,1,@MIN,L 22-39,-1.91525620600103,-2.96413069585444,75.1206130981445,0
Jordan Love,GNB,2,@NYJ,W 20-17,17.8422272617892,-9.35610513044152,88.4861221313477,1
Jordan Love,GNB,3,ATL,L 14-35,-2.98084899553992,-4.71137359967492,72.3077774047852,0
Jordan Love,GNB,4,@TAM,W 17-14,22.8666309788648,-3.53304333238047,99.3335876464844,1
Patrick Mahomes,KAN,1,DEN,W 31-10,-24.1522025417843,12.4520301174679,68.2998275756836,1
Patrick Mahomes,KAN,2,IND,W 33-30,20.8899722155458,-1.92092466915905,98.9690475463867,1
Patrick Mahomes,KAN,3,@MIA,W 24-10,23.3515106474616,-3.68329012744205,99.6682205200195,1
Patrick Mahomes,KAN,4,@LVR,W 30-27,0.628948494998948,-0.354137703983323,80.2748107910156,1
Marcus Mariota,WAS,2,@DAL,L 20-37,31.2070511699348,7.62803946727224,118.835090637207,0
Marcus Mariota,WAS,3,SEA,W 33-31,19.6738172790665,-2.48745405885163,97.1863632202148,1
Drake Maye,NWE,1,@SEA,L 10-13,-29.2939052576652,19.7085704798332,70.414665222168,0
Drake Maye,NWE,2,PIT,W 20-3,4.99333658959702,7.89024647925064,92.8835830688477,1
Drake Maye,NWE,3,@JAX,L 6-35,-44.9660715831961,2.60430095331327,37.6382293701172,0
Drake Maye,NWE,4,@BUF,W 29-26,-2.63126173087667,21.8357295043142,99.2044677734375,1
Baker Mayfield,TAM,1,@CIN,L 27-33,-6.29878214828982,-2.53092213637815,71.170295715332,0
Baker Mayfield,TAM,2,CLE,L 19-23,-16.0893229093182,5.57646737953308,69.4871444702148,0
Baker Mayfield,TAM,3,MIN,L 16-23,-18.8275567910333,-5.83359128025577,55.3388519287109,0
Kyler Murray,MIN,3,@TAM,W 23-16,-27.6414263444517,0.872104902801272,53.2306785583496,1
Kyler Murray,MIN,4,MIA,W 15-10,-2.80839669056877,-5.06973136118905,72.1218719482422,1
Bo Nix,DEN,1,@KAN,L 10-31,-33.1729940455013,-11.5934320409245,35.2335739135742,0
Bo Nix,DEN,2,JAX,W 20-13,15.3565713336111,0.751804215705345,96.1083755493164,1
Bo Nix,DEN,3,LAR,W 30-26,-19.8289694797146,-4.68118142970921,55.4898490905762,1
Bo Nix,DEN,4,@SFO,L 14-24,-11.1354946714986,7.74017759386183,76.6046829223633,0
Michael Penix Jr.,ATL,3,@GNB,W 35-14,10.165217685294,-4.75181131322364,85.4134063720703,1
Michael Penix Jr.,ATL,4,@NOR,W 45-24,37.729241202449,-4.6058815222732,113.123359680176,1
Dak Prescott,DAL,1,@NYG,L 20-28,8.14636883746725,4.74160876263041,92.8879776000977,0
Dak Prescott,DAL,2,WAS,W 37-20,35.5230044065941,3.43541539321062,118.958419799805,1
Dak Prescott,DAL,3,@BAL,L 31-34,5.71961397723934,4.50354581279972,90.2231597900391,0
Dak Prescott,DAL,4,@HOU,W 34-30,22.0370597166748,-5.99221413562007,96.0448455810547,1
Dak Prescott,DAL,5,TAM,L 16-24,3.98642951465707,-11.906091990243,72.0803375244141,0
Brock Purdy,SFO,1,@LAR,W 27-7,0.347549568488313,6.95571886412887,87.3032684326172,1
Brock Purdy,SFO,2,MIA,W 35-13,72.3018209398933,35.532972150927,187.83479309082,1
Brock Purdy,SFO,3,ARI,W 36-30,41.5580909451371,17.800826291191,139.358917236328,1
Brock Purdy,SFO,4,DEN,W 24-14,-8.15038304931309,7.53728490478184,79.3869018554688,1
Aaron Rodgers,PIT,1,ATL,W 20-13,-4.94833880303441,-9.09393567206325,65.9577255249023,1
Aaron Rodgers,PIT,2,@NWE,L 3-20,-24.5461634716696,-12.5227299609475,42.9311065673828,0
Aaron Rodgers,PIT,3,CIN,W 30-27,12.4526782822882,-2.54431494000302,89.9083633422852,1
Aaron Rodgers,PIT,4,@CLE,L 24-27,-12.5589709292545,-11.5372166622982,55.9038124084473,0
Cooper Rush,ATL,1,@PIT,L 13-20,-50.2111812725922,-21.3262523516753,8.46256637573242,0
Cooper Rush,ATL,2,CAR,L 3-34,-58.8163700147607,12.0963878675439,33.2800178527832,0
Tyler Shough,NOR,1,@DET,L 30-31,-1.74866257097904,-5.41363753888424,72.8376998901367,0
Tyler Shough,NOR,2,@BAL,W 24-17,2.83939724887319,-6.66715603793569,76.1722412109375,1
Tyler Shough,NOR,3,LVR,L 27-35,8.32798480853147,3.70058727398806,92.0285720825195,0
Tyler Shough,NOR,4,ATL,L 24-45,-2.59905569461479,-5.14897592159614,72.2519683837891,0
Geno Smith,NYJ,1,@TEN,W 23-10,16.8853217322141,-3.35186683719453,93.5334548950195,1
Geno Smith,NYJ,2,GNB,L 17-20,-10.6493869573712,-6.23184625796086,63.118766784668,0
Geno Smith,NYJ,3,@DET,L 24-31,29.7272580572794,-10.6822675177286,99.0449905395508,0
Geno Smith,NYJ,4,@CHI,L 12-23,1.9212694006908,-17.6001634436596,64.3211059570313,0
Matthew Stafford,LAR,1,@SFO,L 7-27,-29.6669069016279,-5.37235777732718,44.9607353210449,0
Matthew Stafford,LAR,2,NYG,W 28-6,25.1007925363235,-13.4639746041946,91.6368179321289,1
Matthew Stafford,LAR,3,@DEN,L 26-30,3.23012854295042,0.435635312030046,83.6657638549805,0
Matthew Stafford,LAR,4,@PHI,W 24-20,4.78011619000485,-4.86432944684079,79.9157867431641,1
Jack Strand,ATL,2,CAR,L 3-34,-52.8886670758775,14.6399488141588,41.7512817382813,0
C.J. Stroud,HOU,1,BUF,L 31-36,0.783021590273855,-4.31161656097698,76.4714050292969,0
C.J. Stroud,HOU,2,CIN,L 6-20,-9.0872988380838,-4.6088910422873,66.3038101196289,0
C.J. Stroud,HOU,3,@IND,L 17-19,2.75222951456981,-5.01583272501903,77.7363967895508,0
C.J. Stroud,HOU,4,DAL,L 30-34,21.1154750672881,-0.890896209866209,100.224578857422,0
Cam Ward,TEN,1,NYJ,L 10-23,-29.8279771080741,5.11963360221476,55.2916564941406,0
Cam Ward,TEN,2,PHI,L 20-24,-3.69195717190993,-2.04186088228929,74.2661819458008,0
Cam Ward,TEN,3,@NYG,L 7-12,-8.32094892624935,-5.56097093459049,66.1180801391602,0
Cam Ward,TEN,4,@BAL,L 18-24,5.8587687745785,3.32175032942541,89.1805191040039,0
Deshaun Watson,CLE,1,@JAX,L 10-34,-19.2408035060721,4.28255918234167,65.0417556762695,0
Deshaun Watson,CLE,2,@TAM,W 23-19,11.0569268656947,2.33324037063346,93.3901672363281,1
Deshaun Watson,CLE,3,CAR,W 21-18,-28.4775570106103,12.0650165748192,63.587459564209,1
Deshaun Watson,CLE,4,PIT,W 27-24,-11.9965168643466,-1.8768122982511,66.1266708374023,1
Carson Wentz,MIN,1,GNB,W 39-22,13.2923315231755,-18.096164530988,75.1961669921875,1
Carson Wentz,MIN,2,@CHI,W 9-3,0.189600053590436,-12.1794911058365,68.0101089477539,1
Caleb Williams,CHI,1,@CAR,W 59-37,4.51384899110972,32.0438597491247,116.557708740234,1
Caleb Williams,CHI,2,MIN,L 3-9,-26.1052058700992,18.4902919296695,72.3850860595703,0
Malik Willis,MIA,1,@LVR,L 13-27,-29.9623142109319,2.80974157909599,52.8474273681641,0
Malik Willis,MIA,2,@SFO,L 13-35,5.77386826054304,-10.1113468982384,75.6625213623047,0
Malik Willis,MIA,3,KAN,L 10-24,-27.3201306959212,12.2304242750228,64.9102935791016,0
Malik Willis,MIA,4,@MIN,L 10-15,-33.7317663389409,12.8511549192632,59.1193885803223,0
Jameis Winston,NYG,2,@LAR,L 6-28,-40.510986596433,-9.67383739343513,29.8151760101318,0
Jameis Winston,NYG,3,TEN,W 12-7,-3.49628956991508,-5.09393564981149,71.4097747802734,1
Jameis Winston,NYG,4,ARI,W 36-24,-3.7758653863454,-12.5918714300608,63.6322631835938,1
Bryce Young,CAR,1,CHI,L 37-59,15.8195713772468,5.8018199191399,101.621391296387,0
Bryce Young,CAR,2,@ATL,W 34-3,24.2006932980691,-0.152239013401121,104.048454284668,1
Bryce Young,CAR,3,@CLE,L 18-21,-0.169467588941559,-5.04365954728891,74.7868728637695,0
Bryce Young,CAR,4,DET,W 32-26,22.6366757670041,-1.85182469278538,100.784851074219,1
