player,frid,game_date,season,playoffs,week,sb_fran_id,sb_def_id,assumed_starter,est_plays,qbert,adj_qbert,qb_prior,qb_posterior,war,forthcoming
Jacoby Brissett,BrisJa00,46278,2026,0,1,ARI,LAC,1,41,118.787423302157,117.339057922363,77.9978975283468,80.9589968829527,0.622733116149902,0
Jacoby Brissett,BrisJa00,46285,2026,0,2,ARI,SEA,1,31,51.3293194379511,46.9201927185059,81.2581583906903,79.4261399961907,-0.201166480779648,0
Jacoby Brissett,BrisJa00,46292,2026,0,3,ARI,SF,1,58,87.6887077615678,81.9524536132813,79.8797683190163,79.7917410279787,0.249118432402611,0
Cooper Rush,RushCo00,46278,2026,0,1,ATL,PIT,1,26,12.9074278997409,8.46255683898926,69.5175945517264,65.5801849936707,-0.476530581712723,0
Jack Strand,StraJa00,46285,2026,0,2,ATL,CAR,0,19,55.0614537599749,41.7512397766113,,,-0.153528735041618,0
Cooper Rush,RushCo00,46285,2026,0,2,ATL,CAR,1,20,46.590189215174,33.2799758911133,66.4886688851217,65.8251759100983,-0.21376533806324,0
Michael Penix Jr.,PeniMi00,46289,2026,0,3,ATL,GB,1,25,89.76296106308,85.4132995605469,78.2946324431107,79.5869536203259,0.134013444185257,0
Lamar Jackson,JackLa00,46278,2026,0,1,BAL,IND,1,31,118.902452852585,112.659545898438,93.4908200530071,94.5028822736909,0.42619001865387,0
Lamar Jackson,JackLa00,46285,2026,0,2,BAL,NO,1,38,93.6534085546793,85.3511047363281,94.5469607314634,94.029358829053,0.202972874045372,0
Lamar Jackson,JackLa00,46292,2026,0,3,BAL,DAL,1,26,136.13610395545,121.502952575684,94.247707590227,95.3785905669728,0.42823126912117,0
Josh Allen,AlleJo02,46278,2026,0,1,BUF,HOU,1,36,108.925925437035,108.000671386719,93.602707205034,94.1983188485903,0.443299293518066,0
Josh Allen,AlleJo02,46282,2026,0,2,BUF,DET,1,44,115.743088867055,108.957466125488,94.1642791183291,94.8889488594335,0.554770052433014,0
Josh Allen,AlleJo02,46292,2026,0,3,BUF,LAC,1,37,40.6241435408204,32.3232574462891,95.050961377201,91.7336394629292,-0.406363040208817,0
Kenny Pickett,PickKe00,46278,2026,0,1,CAR,CHI,0,2,231.26724204203,221.733764648438,,,0.0946512892842293,0
Bryce Young,YounBr01,46278,2026,0,1,CAR,CHI,1,41,111.15487412712,101.621391296387,78.4951714604812,80.5954890684258,0.424352526664734,0
Kenny Pickett,PickKe00,46285,2026,0,2,CAR,ATL,0,1,-43.3422290986358,-47.7799949645996,,,-0.0356418937444687,0
Bryce Young,YounBr01,46285,2026,0,2,CAR,ATL,1,39,108.486173069271,104.048408508301,80.6786133751893,82.0176399510901,0.432790756225586,0
Bryce Young,YounBr01,46292,2026,0,3,CAR,CLE,1,51,76.9194258593511,74.7867889404297,82.2738473380212,81.7764459233781,0.106552049517632,0
Caleb Williams,WillCa03,46278,2026,0,1,CHI,CAR,1,41,123.799874833945,116.557723999023,81.8786016892025,84.5170471118956,0.612871527671814,0
Caleb Williams,WillCa03,46285,2026,0,2,CHI,MIN,1,34,77.7647451764173,72.3850479125977,84.4230386382868,83.8201273054436,0.0458966009318829,0
Tyson Bagent,BageTy00,46285,2026,0,2,CHI,MIN,0,10,83.0659180290342,77.6862182617188,,,0.029818207025528,0
Case Keenum,KeenCa00,46293,2026,0,3,CHI,PHI,1,36,104.264417654089,97.1733627319336,61.0238354127609,64.0625574595433,0.323307871818542,0
Joe Burrow,BurrJo01,46278,2026,0,1,CIN,TB,1,40,88.9414487203121,77.0949859619141,87.014562091283,86.4461603735462,0.111992590129375,0
Joe Burrow,BurrJo01,46285,2026,0,2,CIN,HOU,1,36,80.662911799781,78.9946823120117,86.5886904554594,85.7484374942984,0.121846333146095,0
Joe Burrow,BurrJo01,46292,2026,0,3,CIN,PIT,1,40,115.789770592089,113.734886169434,86.0598312028585,87.5419238236335,0.563163995742798,0
Deshaun Watson,WatsDe00,46278,2026,0,1,CLE,JAX,1,33,72.1661632128169,65.041748046875,69.8621778959419,69.6999063465716,-0.0300522074103355,0
Deshaun Watson,WatsDe00,46285,2026,0,2,CLE,TB,1,37,100.587270002227,93.3901138305664,70.7618802029626,72.0308400160236,0.289196908473969,0
Shedeur Sanders,SandSh00,46292,2026,0,3,CLE,CAR,0,1,47.3322973506793,35.3664855957031,,,-0.0100459521636367,0
Deshaun Watson,WatsDe00,46292,2026,0,3,CLE,CAR,1,41,75.5531888629308,63.5873756408691,73.1171013748774,72.2003842283747,-0.0556939616799355,0
Deshaun Watson,WatsDe00,46296,2026,0,4,CLE,PIT,1,40,86.1832237611047,79.2120971679688,72.0919285912631,72.6365799197378,0.138061985373497,0
Dak Prescott,PresDa01,46278,2026,0,1,DAL,NYG,1,36,100.080974474177,92.8879776000977,88.8175375599689,89.3125154440083,0.275815933942795,0
Dak Prescott,PresDa01,46285,2026,0,2,DAL,WAS,1,37,131.789808715861,118.958374023438,89.3748703036439,91.0688452234991,0.580422937870026,0
Dak Prescott,PresDa01,46292,2026,0,3,DAL,BAL,1,45,96.7326448769536,90.2230529785156,91.3043628535668,90.9406387816104,0.307853072881699,0
Bo Nix,NixxBo00,46279,2026,0,1,DEN,KC,1,34,39.0781468370532,35.2335662841797,87.0236160382753,83.1980478079904,-0.342953592538834,0
Bo Nix,NixxBo00,46285,2026,0,2,DEN,JAX,1,33,107.172058838813,96.1083145141602,83.1408687116642,84.3213271343865,0.285545974969864,0
Bo Nix,NixxBo00,46292,2026,0,3,DEN,LAR,1,39,62.3155968244222,55.4897270202637,84.4355914892169,82.7902575177846,-0.150196105241776,0
Jared Goff,GoffJa00,46278,2026,0,1,DET,NO,1,42,83.1149029632842,72.9192047119141,86.5155704488991,84.9994987581307,0.0636020973324776,0
Jared Goff,GoffJa00,46282,2026,0,2,DET,BUF,1,45,94.6171940065081,90.966194152832,84.9834934262173,85.0098151200473,0.318147718906403,0
Jared Goff,GoffJa00,46292,2026,0,3,DET,NYJ,1,36,108.222981553702,94.0629577636719,85.1865807118397,85.4552218130252,0.288837432861328,0
Jordan Love,LoveJo03,46278,2026,0,1,GB,MIN,1,47,78.9361495632547,75.1206359863281,90.823312768937,89.4258600083871,0.103025302290916,0
Jordan Love,LoveJo03,46285,2026,0,2,GB,NYJ,1,32,96.4066875934344,88.4860916137695,89.4888198168905,89.0829809055226,0.20180706679821,0
Jordan Love,LoveJo03,46289,2026,0,3,GB,ATL,1,55,82.2794366626333,72.3076858520508,89.3168026033193,88.1016472952298,0.072934664785862,0
C.J. Stroud,StroCJ00,46278,2026,0,1,HOU,BUF,1,43,85.3907959991342,76.4713973999023,80.9962474996651,80.2107810614692,0.112137481570244,0
C.J. Stroud,StroCJ00,46285,2026,0,2,HOU,CIN,1,62,76.0832581448267,66.3037719726563,80.2583995783848,78.5794402992757,-0.0323745086789131,0
C.J. Stroud,StroCJ00,46292,2026,0,3,HOU,IND,1,32,86.0210115061109,77.7362976074219,78.8018671071974,78.403086567594,0.0959115922451019,0
Daniel Jones,JoneDa05,46278,2026,0,1,IND,BAL,1,34,81.0287318349092,71.5313568115234,83.6230874602462,82.9283747843111,0.0369613468647003,0
Daniel Jones,JoneDa05,46285,2026,0,2,IND,KC,1,34,94.409863760746,93.6929168701172,83.1256595637533,84.1014508367173,0.268917828798294,0
Daniel Jones,JoneDa05,46292,2026,0,3,IND,HOU,1,43,58.6758757789658,53.3364219665527,84.4633441731497,82.4710313709742,-0.194104537367821,0
Nick Mullens,MullNi00,46278,2026,0,1,JAX,CLE,0,3,8.44776984724078,2.45228314399719,,,-0.0605349354445934,0
Trevor Lawrence,LawrTr00,46278,2026,0,1,JAX,CLE,1,26,129.583704475464,123.588218688965,88.9637256936754,90.879809257414,0.444921493530273,0
Trevor Lawrence,LawrTr00,46285,2026,0,2,JAX,DEN,1,33,70.1713833088338,68.5979537963867,90.9319851174812,89.6026140275967,0.0060744765214622,0
Trevor Lawrence,LawrTr00,46292,2026,0,3,JAX,NE,1,34,95.1048103035577,86.4061813354492,89.8288781428471,89.8362318922124,0.192650392651558,0
Patrick Mahomes,MahoPa00,46279,2026,0,1,KC,DEN,1,33,75.2195410739487,68.2998046875,87.9327880844525,86.7554772827354,0.00304564740508795,0
Patrick Mahomes,MahoPa00,46285,2026,0,2,KC,IND,1,51,110.427331980543,98.9690093994141,86.7706849706665,87.4272543327464,0.486211001873016,0
Patrick Mahomes,MahoPa00,46292,2026,0,3,KC,MIA,1,25,109.633350020652,99.6681518554688,87.6158157999329,88.6551329862505,0.243719339370728,0
Justin Herbert,HerbJu00,46278,2026,0,1,LAC,ARI,1,35,71.0930620415623,56.9286308288574,82.9247937660066,81.2003578434695,-0.119287975132465,0
Justin Herbert,HerbJu00,46285,2026,0,2,LAC,LV,1,33,50.0660814160791,39.7191619873047,81.2187674201953,79.0959664651063,-0.287298589944839,0
Justin Herbert,HerbJu00,46292,2026,0,3,LAC,BUF,1,40,76.0093795361338,71.7175903320313,79.2901552255946,78.9196815097008,0.045777153223753,0
Matthew Stafford,StafMa00,46275,2026,0,1,LAR,SF,1,26,57.0711131406955,44.9607238769531,89.4467618544123,86.8893872023202,-0.184403628110886,0
Stetson Bennett,BennSt00,46275,2026,0,1,LAR,SF,0,4,138.398685834271,126.288299560547,,,0.0717742443084717,0
Matthew Stafford,StafMa00,46286,2026,0,2,LAR,NYG,1,33,105.534832221583,91.6367721557617,86.8759853824442,87.4003402794527,0.240120589733124,0
Matthew Stafford,StafMa00,46292,2026,0,3,LAR,DEN,1,61,84.1561966997125,83.6656494140625,87.5457965705377,87.5640402721096,0.29417484998703,0
Kirk Cousins,CousKi00,46278,2026,0,1,LV,MIA,1,32,73.5712455234345,60.9175148010254,75.726931538518,75.6440752882671,-0.0697690695524216,0
Kirk Cousins,CousKi00,46285,2026,0,2,LV,LAC,1,32,114.727040000636,110.905090332031,75.8104809392056,78.9300746706213,0.422655075788498,0
Kirk Cousins,CousKi00,46292,2026,0,3,LV,NO,1,37,98.4085005882158,93.3712387084961,79.2626651064481,79.9036588025266,0.288981914520264,0
Malik Willis,WillMa12,46278,2026,0,1,MIA,LV,1,38,60.5071740628119,52.8474426269531,79.6548769765408,76.3697509491842,-0.177254319190979,0
Malik Willis,WillMa12,46285,2026,0,2,MIA,SF,1,29,81.602208627715,75.6624603271484,78.1597290829157,77.2450031871665,0.0684058889746666,0
Malik Willis,WillMa12,46292,2026,0,3,MIA,KC,1,45,70.6609717603269,64.9101943969727,78.8193062830236,77.2001570504519,-0.0428026765584946,0
Kyler Murray,MurrKy00,46278,2026,0,1,MIN,GB,1,7,12.8627758326941,1.23829746246338,77.7673121386517,76.1215558548535,-0.143864199519157,0
Carson Wentz,WentCa00,46278,2026,0,1,MIN,GB,0,24,86.8206349574737,75.196159362793,,,0.0531666502356529,0
Carson Wentz,WentCa00,46285,2026,0,2,MIN,CHI,1,26,74.7550287752477,68.0100555419922,66.6904429099656,66.3162269499524,8.048336167121e-05,0
Kyler Murray,MurrKy00,46292,2026,0,3,MIN,TB,1,34,61.727208821072,53.230583190918,76.2711921909898,74.4725387382362,-0.154585778713226,0
Drake Maye,MayeDr00,46274,2026,0,1,NE,SEA,1,43,72.0380271127338,70.4146347045898,89.0276443701477,88.6360857587667,0.0319629721343517,0
Drake Maye,MayeDr00,46285,2026,0,2,NE,PIT,1,27,98.2453611912,92.8835372924805,88.5515523767874,89.0179920269347,0.2068250477314,0
Tommy DeVito,DeViTo00,46292,2026,0,3,NE,JAX,0,6,74.2001075178926,66.386100769043,,,-0.00298095168545842,0
Drake Maye,MayeDr00,46292,2026,0,3,NE,JAX,1,32,45.4521389813922,37.6381301879883,89.0890504219509,86.5807407635417,-0.299092650413513,0
Tyler Shough,ShouTy00,46278,2026,0,1,NO,DET,1,65,77.9458173186904,72.8376922607422,78.5857776147773,78.1348747283467,0.0968007817864418,0
Tyler Shough,ShouTy00,46285,2026,0,2,NO,BAL,1,45,81.1671383000667,76.1721801757813,78.7591620904439,77.7812761030822,0.113208159804344,0
Tyler Shough,ShouTy00,46292,2026,0,3,NO,LV,1,45,100.655516041702,92.0285034179688,78.52094278119,80.0734228366819,0.332863748073578,0
Jaxson Dart,DartJa00,46278,2026,0,1,NYG,DAL,1,39,106.163272961929,91.7527542114258,81.2429489944429,81.8186823059147,0.285171329975128,0
Jameis Winston,WinsJa00,46286,2026,0,2,NYG,LAR,0,31,36.4720280443132,29.8150959014893,,,-0.364401936531067,0
Jaxson Dart,DartJa00,46286,2026,0,2,NYG,LAR,1,5,97.740804926376,91.083869934082,82.1200589753712,82.223264804769,0.0355308763682842,0
Jameis Winston,WinsJa00,46292,2026,0,3,NYG,TEN,1,26,83.2420527379133,71.4096984863281,75.0959695379954,74.1713621300374,0.0272908210754395,0
Geno Smith,SmitGe00,46278,2026,0,1,NYJ,TEN,1,27,100.995011526125,93.5334777832031,73.0881276276557,74.3454847802468,0.212227180600166,0
Geno Smith,SmitGe00,46285,2026,0,2,NYJ,GB,1,50,72.1091519674329,63.118709564209,74.3969329892836,72.5542624122779,-0.075133204460144,0
Geno Smith,SmitGe00,46292,2026,0,3,NYJ,DET,1,44,104.715478210719,99.0448684692383,72.7797069530873,74.4788476522632,0.420503675937653,0
Jalen Hurts,HurtJa00,46278,2026,0,1,PHI,WAS,1,33,98.8897937778684,85.9849014282227,84.8517043092519,84.590765585441,0.182704508304596,0
Jalen Hurts,HurtJa00,46285,2026,0,2,PHI,TEN,1,45,84.8637216459602,76.340461730957,84.591404297437,84.5731658554891,0.115539342164993,0
Andy Dalton,DaltAn00,46293,2026,0,3,PHI,CHI,0,1,-324.48047701523,-331.265258789063,,,-0.12291044741869,0
Jalen Hurts,HurtJa00,46293,2026,0,3,PHI,CHI,1,31,73.6478546740093,66.8630752563477,84.7564603406257,84.0613866422153,-0.0108497738838196,0
Aaron Rodgers,RodgAa00,46278,2026,0,1,PIT,ATL,1,42,75.3749998831755,65.9577407836914,75.6306511770388,74.3985660472201,-0.0264050774276257,0
Aaron Rodgers,RodgAa00,46285,2026,0,2,PIT,NE,1,44,48.6148670937789,42.9310417175293,74.4289928896172,72.2353360312173,-0.339559763669968,0
Mason Rudolph,RudoMa00,46285,2026,0,2,PIT,NE,0,2,7.0755354454888,1.39171171188354,,,-0.0410096012055874,0
Aaron Rodgers,RodgAa00,46292,2026,0,3,PIT,CIN,1,37,98.966387971241,89.9082641601563,72.4401821822133,73.6117157907866,0.249538153409958,0
Aaron Rodgers,RodgAa00,46296,2026,0,4,PIT,CLE,1,45,66.1902291790189,64.9205551147461,72.8347857209838,72.8676839055927,-0.0426591522991657,0
Drew Lock,LockDr00,46274,2026,0,1,SEA,NE,0,24,107.155282631319,96.466552734375,,,0.210316523909569,0
Sam Darnold,DarnSa00,46274,2026,0,1,SEA,NE,1,3,40.9735682067013,30.284839630127,84.6270603083124,83.2344963913284,-0.0348308831453323,0
Drew Lock,LockDr00,46285,2026,0,2,SEA,ARI,1,27,127.272826998767,120.100006103516,68.3588776864109,72.3468453263802,0.433040797710419,0
Sam Darnold,DarnSa00,46292,2026,0,3,SEA,WAS,1,46,119.948820237977,109.177200317383,83.1145820530367,85.7276069774761,0.583098471164703,0
Brock Purdy,PurdBr00,46275,2026,0,1,SF,LAR,1,39,96.0884224026701,87.3032455444336,93.6329661323824,93.3160577489184,0.231751307845116,0
Brock Purdy,PurdBr00,46285,2026,0,2,SF,MIA,1,25,197.80344680252,187.834762573242,93.4375478485116,98.5500173146261,0.92225307226181,0
Mac Jones,JoneMa05,46285,2026,0,2,SF,MIA,0,2,8.44776984724078,-1.52091205120087,,,-0.0428028553724289,0
Brock Purdy,PurdBr00,46292,2026,0,3,SF,ARI,1,28,152.622590414937,139.358840942383,98.8261762870895,100.658349445526,0.615082085132599,0
Baker Mayfield,MayfBa00,46278,2026,0,1,TB,CIN,1,36,76.9253989709697,71.1703109741211,82.2666892970369,80.9814075906419,0.0351343266665936,0
Baker Mayfield,MayfBa00,46285,2026,0,2,TB,CLE,1,41,76.8684707785075,69.4871139526367,80.9828266575295,80.0593665428717,0.0187696143984795,0
Jalon Daniels,DaniJa03,46292,2026,0,3,TB,MIN,0,4,-57.4119797785924,-62.7916107177734,,,-0.161052376031876,0
Baker Mayfield,MayfBa00,46292,2026,0,3,TB,MIN,1,42,60.7183980281067,55.3387641906738,80.2370638424728,78.6436493834228,-0.163701489567757,0
Cam Ward,WardCa00,46278,2026,0,1,TEN,NYJ,1,39,69.219026468724,55.291675567627,74.9072431150887,72.2953554840172,-0.152573868632317,0
Cam Ward,WardCa00,46285,2026,0,2,TEN,PHI,1,26,81.6407654030133,74.26611328125,72.4822332965947,72.247901123625,0.0501532256603241,0
Cam Ward,WardCa00,46292,2026,0,3,TEN,NYG,1,37,74.0437878996495,66.1179885864258,72.590276631932,72.3817147230611,-0.021436370909214,0
Jayden Daniels,DaniJa02,46278,2026,0,1,WAS,PHI,1,40,99.5364946423075,97.8869018554688,81.2731403158831,82.4167460871921,0.368017226457596,0
Jayden Daniels,DaniJa02,46285,2026,0,2,WAS,DAL,1,24,120.583459290953,109.924781799316,82.5602508200447,84.0914525243941,0.309748589992523,0
Marcus Mariota,MariMa01,46285,2026,0,2,WAS,DAL,0,17,129.493721498016,118.83504486084,,,0.266035377979279,0
Marcus Mariota,MariMa01,46292,2026,0,3,WAS,SEA,1,36,100.089627591471,97.1862411499023,80.0993011854876,81.0054413447542,0.323450565338135,0
Jacoby Brissett,BrisJa00,46299,2026,0,4,ARI,NYG,1,,,,80.0774513520867,,,1
Michael Penix Jr.,PeniMi00,46300,2026,0,4,ATL,NO,1,,,,80.2437671171861,,,1
Lamar Jackson,JackLa00,46299,2026,0,4,BAL,TEN,1,,,,95.4462545272761,,,1
Josh Allen,AlleJo02,46299,2026,0,4,BUF,NE,1,,,,91.7373381888958,,,1
Bryce Young,YounBr01,46299,2026,0,4,CAR,DET,1,,,,81.880685565192,,,1
Case Keenum,KeenCa00,46299,2026,0,4,CHI,NYJ,1,,,,66.6815615626735,,,1
Joe Burrow,BurrJo01,46299,2026,0,4,CIN,JAX,1,,,,87.6978948271294,,,1
Deshaun Watson,WatsDe00,46306,2026,0,5,CLE,NYJ,1,,,,74.1387164378772,,,1
Dak Prescott,PresDa01,46299,2026,0,4,DAL,HOU,1,,,,91.0246770114466,,,1
Bo Nix,NixxBo00,46299,2026,0,4,DEN,SF,1,,,,82.7534777732198,,,1
Jared Goff,GoffJa00,46299,2026,0,4,DET,CAR,1,,,,85.4752545665055,,,1
Jordan Love,LoveJo03,46299,2026,0,4,GB,TB,1,,,,88.1950992478326,,,1
C.J. Stroud,StroCJ00,46299,2026,0,4,HOU,DAL,1,,,,78.4754248104572,,,1
Daniel Jones,JoneDa05,46299,2026,0,4,IND,WAS,1,,,,82.6737062734394,,,1
Trevor Lawrence,LawrTr00,46299,2026,0,4,JAX,CIN,1,,,,89.9123513076249,,,1
Patrick Mahomes,MahoPa00,46299,2026,0,4,KC,LV,1,,,,88.6950371523656,,,1
Justin Herbert,HerbJu00,46299,2026,0,4,LAC,SEA,1,,,,78.9647822083555,,,1
Matthew Stafford,StafMa00,46299,2026,0,4,LAR,PHI,1,,,,87.557635931507,,,1
Kirk Cousins,CousKi00,46299,2026,0,4,LV,KC,1,,,,80.0787023174894,,,1
Malik Willis,WillMa12,46299,2026,0,4,MIA,MIN,1,,,,78.3601931014876,,,1
Kyler Murray,MurrKy00,46299,2026,0,4,MIN,MIA,1,,,,74.782550750064,,,1
Drake Maye,MayeDr00,46299,2026,0,4,NE,BUF,1,,,,86.5004434130347,,,1
Tyler Shough,ShouTy00,46300,2026,0,4,NO,ATL,1,,,,80.6128645830882,,,1
Jameis Winston,WinsJa00,46299,2026,0,4,NYG,ARI,1,,,,75.1886317476639,,,1
Geno Smith,SmitGe00,46299,2026,0,4,NYJ,CHI,1,,,,74.5534162178272,,,1
Jalen Hurts,HurtJa00,46299,2026,0,4,PHI,LAR,1,,,,84.0931691177631,,,1
Aaron Rodgers,RodgAa00,46306,2026,0,5,PIT,IND,1,,,,73.6046942054226,,,1
Sam Darnold,DarnSa00,46299,2026,0,4,SEA,LAC,1,,,,85.7868015643984,,,1
Brock Purdy,PurdBr00,46299,2026,0,4,SF,DEN,1,,,,100.782177542151,,,1
Jalon Daniels,DaniJa03,46299,2026,0,4,TB,GB,1,,,,60.6360058340772,,,1
Cam Ward,WardCa00,46299,2026,0,4,TEN,BAL,1,,,,72.5569663680766,,,1
Marcus Mariota,MariMa01,46299,2026,0,4,WAS,IND,1,,,,81.7320633550281,,,1
